"01BC_INST","08/06/2012","02/07/2012","",""
"01BOSU_INST","12/07/2012","16/07/2012","",""
"44LAN_INST","16/07/2012","24/07/2012","",""
"44UEL_INST","27/07/2012","14/08/2012","",""
"01BOSU_INST","14/08/2012","21/08/2012","",""
"39UBZ_INST","16/08/2012","21/08/2012","",""
"01FTHAYS_INST","20/08/2012","04/09/2012","",""
"01TXWOMAN_INST","05/09/2012","15/09/2012","",""
"39UBZ_INST","09/09/2012","13/09/2012","",""
"01MIDWST_INST","17/09/2012","22/09/2012","",""
"01PRIN_INST","05/10/2012","14/10/2012","",""
"01VCU_INST","05/10/2012","24/10/2012","",""
"01VCUVQA_INST","05/10/2012","24/10/2012","",""
"39UBZ_INST","08/10/2012","18/10/2012","",""
"01MA_DM_INST","22/10/2012","31/10/2012","",""
"61SUT_INST","03/11/2012","08/11/2012","",""
"01BOSU_INST","10/11/2012","18/11/2012","",""
"44PLY_INST","15/11/2012","25/11/2012","",""
"44LAN_INST","15/11/2012","21/11/2012","",""
"01TXWOMAN_INST","15/11/2012","19/11/2012","",""
"61RMIT_INST","25/11/2012","30/11/2012","",""
"01TXWOMAN_INST","01/12/2012","14/12/2012","",""
"01MIDWST_INST","15/12/2012","25/12/2012","",""
"39UBZ_INST","22/12/2012","29/12/2012","",""
"44LAN_INST","02/01/2013","14/01/2013","",""
"01ODIN_NDSU","05/01/2013","17/01/2013","",""
"01NEU_INST","12/01/2013","26/01/2013","",""
"01MA_DM_INST","14/01/2013","22/01/2013","",""
"01PRIN_INST","20/01/2013","31/01/2013","",""
"01ALLIANCE_WWU","21/01/2013","13/02/2013","",""
"01ALLIANCE_UW","25/01/2013","04/03/2013","",""
"01ALLIANCE_WU","25/01/2013","13/02/2013","",""
"01ALLIANCE_PU","25/01/2013","25/02/2013","",""
"01ALLIANCE_LINF","25/01/2013","28/02/2013","",""
"01ALLIANCE_MRY","25/01/2013","09/03/2013","",""
"01PURDUE_PUWL","27/01/2013","31/01/2013","",""
"32KUL_KUL","03/02/2013","14/03/2013","",""
"32KUL_KATHO","03/02/2013","11/03/2013","",""
"32KUL_KHK","03/02/2013","04/03/2013","",""
"32KUL_NBB","03/02/2013","11/03/2013","",""
"44SFD_INST","20/02/2013","22/03/2013","",""
"01GRI_INST","22/02/2013","05/03/2013","",""
"61UWSTSYD_INST","10/03/2013","24/03/2013","",""
"44MAN_INST","12/03/2013","10/04/2013","",""
"44SAL_INST","13/03/2013","05/04/2013","",""
"01ALLIANCE_NETWORK","17/03/2013","10/04/2013","",""
"01CALS_USL","18/03/2013","25/03/2013","",""
"61SUT_INST","20/03/2013","03/04/2013","",""
"32KUL_LIBIS_NETWORK","20/03/2013","03/04/2013","",""
"44YORK_INST","21/03/2013","10/04/2013","",""
"44PLY_INST","03/04/2013","12/04/2013","",""
"44IMP_INST","04/04/2013","24/04/2013","",""
"61UNSW_INST","15/04/2013","29/04/2013","",""
"01TARRANT_INST","15/04/2013","20/04/2013","",""
"01UMN_INST","20/04/2013","22/04/2013","",""
"01ODIN_NDSU","21/04/2013","23/04/2013","",""
"61RMIT_INST","26/04/2013","13/05/2013","",""
"01UT_DALLAS","26/04/2013","10/05/2013","",""
"01NEU_INST","28/04/2013","28/04/2013","",""
"01ALLIANCE_NETWORK","29/04/2013","18/06/2013","",""
"44SFD_INST","29/04/2013","29/04/2013","",""
"01PURDUE_PUWL","03/05/2013","16/05/2013","",""
"61MONASH_AU","05/05/2013","21/05/2013","",""
"44SAL_INST","14/05/2013","17/05/2013","",""
"01ALLIANCE_WWU","14/05/2013","14/05/2013","",""
"01ALLIANCE_PU","14/05/2013","14/05/2013","",""
"01ALLIANCE_LINF","14/05/2013","24/05/2013","",""
"01ALLIANCE_UW","14/05/2013","14/05/2013","",""
"01ALLIANCE_WU","14/05/2013","14/05/2013","",""
"01ALLIANCE_MRY","14/05/2013","14/05/2013","",""
"32KUL_LIBIS_NETWORK","19/05/2013","15/06/2013","",""
"32KUL_ACBE","19/05/2013","15/06/2013","",""
"32KUL_ACV","19/05/2013","15/06/2013","",""
"32KUL_BB","19/05/2013","15/06/2013","",""
"32KUL_BPB","19/05/2013","15/06/2013","",""
"32KUL_VES","19/05/2013","15/06/2013","",""
"32KUL_IMEC","19/05/2013","15/06/2013","",""
"32KUL_KAHO","19/05/2013","15/06/2013","",""
"32KUL_KATHO","19/05/2013","15/06/2013","",""
"32KUL_KADOC","19/05/2013","15/06/2013","",""
"32KUL_KBC","19/05/2013","15/06/2013","",""
"32KUL_KHBO","19/05/2013","15/06/2013","",""
"32KUL_KMMR","19/05/2013","15/06/2013","",""
"32KUL_NBB","19/05/2013","15/06/2013","",""
"32KUL_KHLIM","19/05/2013","15/06/2013","",""
"32KUL_RMCA","19/05/2013","15/06/2013","",""
"32KUL_RBINS","19/05/2013","15/06/2013","",""
"32KUL_KUL","19/05/2013","24/06/2013","",""
"32KUL_LESSIUS","19/05/2013","15/06/2013","",""
"32KUL_LIBAR","19/05/2013","15/06/2013","",""
"32KUL_TIFA","19/05/2013","15/06/2013","",""
"32KUL_SERV","19/05/2013","15/06/2013","",""
"32KUL_VCV","19/05/2013","15/06/2013","",""
"32KUL_VLP","19/05/2013","15/06/2013","",""
"32KUL_LUCAWENK","19/05/2013","15/06/2013","",""
"32KUL_FIN","19/05/2013","15/06/2013","",""
"32KUL_KHM","19/05/2013","15/06/2013","",""
"32KUL_KHK","19/05/2013","15/06/2013","",""
"32KUL_KHL","19/05/2013","15/06/2013","",""
"32KUL_GSB","19/05/2013","15/06/2013","",""
"32KUL_GSG","19/05/2013","15/06/2013","",""
"32KUL_HUB","19/05/2013","15/06/2013","",""
"32KUL_GROEPT","19/05/2013","15/06/2013","",""
"49ECB_KUL","19/05/2013","15/06/2013","",""
"01ALLIANCE_NETWORK","27/05/2013","18/06/2013","",""
"01ODIN_NDSU","30/05/2013","11/06/2013","",""
"01ALLIANCE_WWU","02/06/2013","18/06/2013","",""
"01ALLIANCE_PU","02/06/2013","18/06/2013","",""
"01ALLIANCE_LINF","02/06/2013","18/06/2013","",""
"01ALLIANCE_UW","06/06/2013","24/06/2013","",""
"44SFD_INST","09/06/2013","20/06/2013","",""
"01ALLIANCE_WU","09/06/2013","25/06/2013","",""
"01ALLIANCE_MRY","09/06/2013","25/06/2013","",""
"01NEU_INST","16/06/2013","01/07/2013","",""
"61UWSTSYD_INST","18/06/2013","18/06/2013","",""
"61ADELAIDE_INST","20/06/2013","02/07/2013","aio01",""
"45NOVO_INST","24/06/2013","16/07/2013","Impl1EU","NonExlEU"
"44SAL_INST","01/07/2013","15/07/2013","impl2EU","NonExlEU"
"32KUL_LIBIS_NETWORK","01/07/2013","22/07/2013","impl5EU","N/A"
"01ALLIANCE_UID","06/07/2013","01/08/2013","aio03","N/A"
"44MAN_INST","10/07/2013","23/07/2013","impl4EU","mig02V2"
"01GRI_INST","10/07/2013","22/07/2013","aio06","N/A"
"61UWSTSYD_INST","10/07/2013","23/07/2013","aio02AP","N/A"
"01ALLIANCE_WSU","11/07/2013","30/07/2013","aio01","mig02V7"
"01ALLIANCE_EWU","11/07/2013","25/07/2013","aio04","mig03V2"
"01ALLIANCE_SPU","11/07/2013","25/07/2013","aio02","mig03V3"
"01ALLIANCE_PCC","11/07/2013","25/07/2013","aio03","mig03V3"
"01CALS_USL","14/07/2013","31/07/2013","aio05","mig02V4"
"61ADELAIDE_INST","14/07/2013","15/07/2013","",""
"44IMP_INST","18/07/2013","29/07/2013","impl2EU","mig02V6"
"01NATIONAL_INST","25/07/2013","13/08/2013","aio04","mig02V5"
"01ALLIANCE_REED","25/07/2013","08/08/2013","aio05","mig02V8"
"01ALLIANCE_CONC","25/07/2013","08/08/2013","aio03","mig03V1"
"01ALLIANCE_WPC","25/07/2013","08/08/2013","aio06","mig03V1"
"01UMN_INST","01/08/2013","24/08/2013","aio01","N/A"
"61FUL_INST","01/08/2013","13/08/2013","aio01AP","N/A"
"01TARRANT_INST","02/08/2013","15/08/2013","aio03","N/A"
"01ALLIANCE_LCC","08/08/2013","22/08/2013","aio02","mig02V5"
"01ALLIANCE_EVSC","08/08/2013","22/08/2013","aio04","mig02V6"
"01ALLIANCE_STMU","08/08/2013","22/08/2013","aio05","mig02V6"
"01UT_DALLAS","09/08/2013","26/08/2013","aio06","N/A"
"44YORK_INST","14/08/2013","27/08/2013","impl4EU","N/A"
"41BIG_INST","15/08/2013","02/09/2013","Impl1EU","mig01EU"
"01ALLIANCE_WWU","27/10/2013","27/10/2013","",""
"01ALLIANCE_PU","20/08/2013","15/09/2013","",""
"01ALLIANCE_LINF","06/10/2013","06/10/2013","",""
"01ALLIANCE_WU","27/10/2013","27/10/2013","",""
"01ALLIANCE_UW","09/11/2013","09/11/2013","",""
"01UMB_INST","18/08/2013","03/09/2013","aio06","mig02V2"
"61MONASH_AU","18/08/2013","02/09/2013","","N/A"
"64OTAGO_INST","08/09/2013","16/09/2013","aio02AP","N/A"
"45NOVO_INST","28/09/2013","07/10/2013","Impl1EU",""
"39UBZ_INST","22/10/2013","30/10/2013","impl2EU","mig01EU"
"39UBZ_INST","22/10/2013","30/10/2013","",""
"61USOUTHAUS_INST","28/09/2013","03/10/2013","aio01AP",""
"01NATIONAL_INST","06/10/2013","18/10/2013","aio04","mig03V2"
"01BRAND_INST","15/10/2013","30/10/2013","aio05",""
"61CUR_INST","15/10/2013","05/11/2013","aio01AP","N/A"
"61UNSW_INST","24/10/2013","04/11/2013","aio03AP",""
"32KUL_LIBIS_NETWORK","30/06/2014","17/07/2014","impl5EU","N/A"
"32KUL_ACBE","30/06/2014","17/07/2014","impl3EU","N/A"
"32KUL_ACV","30/06/2014","17/07/2014","impl4EU","N/A"
"32KUL_BB","30/06/2014","17/07/2014","impl7EU","N/A"
"32KUL_BPB","30/06/2014","17/07/2014","impl3EU","N/A"
"32KUL_VES","30/06/2014","17/07/2014","impl7EU","N/A"
"32KUL_IMEC","14/07/2014","04/08/2014","","N/A"
"32KUL_KAHO","14/07/2014","04/08/2014","","N/A"
"32KUL_KATHO","14/07/2014","04/08/2014","","N/A"
"32KUL_KADOC","14/07/2014","04/08/2014","","N/A"
"32KUL_KBC","30/06/2014","17/07/2014","impl7EU","N/A"
"32KUL_KHBO","14/07/2014","04/08/2014","","N/A"
"32KUL_KMMR","30/06/2014","17/07/2014","impl3EU","N/A"
"32KUL_NBB","14/07/2014","04/08/2014","","N/A"
"32KUL_KHLIM","14/07/2014","04/08/2014","","N/A"
"32KUL_RMCA","14/07/2014","04/08/2014","","N/A"
"32KUL_RBINS","30/06/2014","17/07/2014","impl3EU","N/A"
"32KUL_KUL","30/06/2014","17/07/2014","impl6EU","N/A"
"32KUL_LESSIUS","14/07/2014","04/08/2014","","N/A"
"32KUL_LIBAR","30/06/2014","17/07/2014","impl4EU","N/A"
"32KUL_TIFA","30/06/2014","17/07/2014","impl4EU","N/A"
"32KUL_SERV","30/06/2014","17/07/2014","impl7EU","N/A"
"32KUL_VCV","30/06/2014","17/07/2014","impl3EU","N/A"
"32KUL_VLP","14/07/2014","04/08/2014","","N/A"
"32KUL_LUCAWENK","14/07/2014","04/08/2014","","N/A"
"32KUL_FIN","30/06/2014","17/07/2014","impl4EU","N/A"
"32KUL_KHM","14/07/2014","04/08/2014","","N/A"
"32KUL_KHK","14/07/2014","04/08/2014","","N/A"
"32KUL_KHL","14/07/2014","04/08/2014","","N/A"
"32KUL_GSB","14/07/2014","04/08/2014","","N/A"
"32KUL_GSG","14/07/2014","04/08/2014","","N/A"
"32KUL_HUB","14/07/2014","04/08/2014","","N/A"
"32KUL_GROEPT","14/07/2014","04/08/2014","","N/A"
"41BIG_INST","07/11/2013","27/11/2013","Impl1EU","mig01EU"
"61ADELAIDE_INST","14/11/2013","26/11/2013","aio02AP","N/A"
"01SWRSRCH_INST","15/08/2014","26/08/2014","aio11","N/A"
"01LILLY_INST","15/11/2013","30/11/2013","aio04",""
"64OTAGO_INST","20/11/2013","03/12/2013","aio01AP",""
"01SOUTHWEST_INST","15/08/2014","26/08/2014","aio12","N/A"
"39UBZ_INST","20/11/2013","23/11/2013","impl3EU","mig01EU"
"39UBZ_INST","20/11/2013","23/11/2013","impl3EU","mig01EU"
"01ALLIANCE_WSU","04/12/2013","18/12/2013","aio04","mig01"
"01ALLIANCE_REED","11/12/2013","23/12/2013","aio05","mig01"
"01ALLIANCE_EWU","11/12/2013","23/12/2013","aio02","mig04"
"01ALLIANCE_LCC","22/12/2013","31/12/2013","aio04","mig01"
"01ALLIANCE_EVSC","22/12/2013","31/12/2013","aio06","mig04"
"01ALLIANCE_CONC","09/12/2013","19/12/2013","aio03","mig02V7"
"01ALLIANCE_SPU","04/12/2013","16/12/2013","aio02","mig02V2"
"01ALLIANCE_PCC","04/12/2013","16/12/2013","aio03","mig03V3"
"01ALLIANCE_STMU","04/12/2013","16/12/2013","aio05","mig03V1"
"01ALLIANCE_WPC","09/12/2013","18/12/2013","aio05","mig03V1"
"01ALLIANCE_UID","19/12/2013","31/12/2013","aio03","N/A"
"61FUL_INST","01/12/2013","11/12/2013","aio03AP","N/A"
"01UMB_INST","06/12/2013","30/12/2013","aio06","mig04"
"01UMN_INST","07/12/2013","26/12/2013","aio01","N/A"
"61USOUTHAUS_INST","09/12/2013","20/12/2013","aio03AP","N/A"
"01PURDUE_PUCL","30/01/2014","06/02/2014","aio07","N/A"
"01PURDUE_PUNC","30/01/2014","06/02/2014","aio08","N/A"
"61MACQUARIE_INST","01/05/2014","12/05/2014","aio02AP","N/A"
"01ALLIANCE_UO","10/01/2014","21/01/2014","aio02","mig04"
"01ALLIANCE_PSU","10/01/2014","03/02/2014","aio01","mig05"
"01ALLIANCE_UPUGS","10/01/2014","11/02/2014","aio03","mig06"
"01ALLIANCE_SOU","02/02/2014","21/01/2014","aio05","mig04"
"01ALLIANCE_WOU","22/01/2014","03/02/2014","aio05","mig04"
"01ALLIANCE_UPORT","02/02/2014","21/01/2014","aio01","mig05"
"01ALLIANCE_OHSU","22/01/2014","11/02/2014","aio01","mig05"
"01ALLIANCE_OIT","02/02/2014","03/02/2014","aio02","mig06"
"01ALLIANCE_MHCC","02/02/2014","03/02/2014","aio03","mig01"
"01ALLIANCE_CC","10/01/2014","21/01/2014","aio07","mig01"
"01PAHL_NCNM","22/01/2014","11/02/2014","aio02","mig06"
"01PAHL_OCOM","22/01/2014","11/02/2014","aio03","mig06"
"01PAHL_UWS","22/01/2014","11/02/2014","aio04","mig01"
"01OKLA_NORMANLAW","31/08/2014","15/09/2014","aio06NA","mig05"
"61SLQ_INST","10/05/2014","25/05/2014","aio03AP","N/A"
"01UTAH_INST","10/05/2014","19/05/2014","aio08","N/A"
"01INCARNATE_INST","15/05/2014","25/05/2014","aio03","N/A"
"61CUR_INST","06/02/2014","17/02/2014","aio01AP","N/A"
"01UTON_UW","20/02/2014","10/03/2014","aio07","mig04"
"47BIBSYS_NETWORK","15/05/2015","25/06/2015","aio05EU","MIG01EU"
"47BIBSYS_NB","15/05/2015","25/06/2015","aio06EU","mig01EU"
"47BIBSYS_NTNU_UB","15/05/2015","25/06/2015","aio07EU","mig03EU"
"47BIBSYS_UBO","15/05/2015","25/06/2015","aio03EU","mig02EU"
"47BIBSYS_UBTO","15/05/2015","25/06/2015","aio02EU","mig03EU"
"47BIBSYS_NOBEL","15/05/2015","25/06/2015","aio06EU","mig04EU"
"47BIBSYS_UBB","15/05/2015","25/06/2015","aio05EU","mig05EU"
"47BIBSYS_UBIS","15/05/2015","25/06/2015","aio10EU","mig01EU"
"47BIBSYS_UBA","15/05/2015","25/06/2015","aio09EU","mig02EU"
"47BIBSYS_HIT","15/05/2015","25/06/2015","aio11EU","mig05EU"
"47BIBSYS_UBIN","15/05/2015","25/06/2015","aio12EU","mig04EU"
"47BIBSYS_HIOA","15/05/2015","25/06/2015","aio06EU","mig01EU"
"47BIBSYS_NMBU","15/05/2015","25/06/2015","aio05EU","mig04EU"
"47BIBSYS_HH","15/05/2015","25/06/2015","aio13EU","mig03EU"
"47BIBSYS_BI","15/05/2015","25/06/2015","aio13EU","mig04EU"
"47BIBSYS_NHHB","15/05/2015","25/06/2015","aio07EU","mig01EU"
"47BIBSYS_HBV","15/05/2015","25/06/2015","aio09EU","mig05EU"
"47BIBSYS_HIO","15/05/2015","25/06/2015","aio06EU","mig02EU"
"47BIBSYS_HINT","15/05/2015","25/06/2015","aio07EU","mig03EU"
"47BIBSYS_HVO","15/05/2015","25/06/2015","aio05EU","mig01EU"
"47BIBSYS_HIB","15/05/2015","25/06/2015","aio01AP","mig01EU"
"47BIBSYS_HIST","15/05/2015","25/06/2015","aio08EU","mig04EU"
"47BIBSYS_HIM","15/05/2015","25/06/2015","aio07EU","mig02EU"
"47BIBSYS_HSF","15/05/2015","25/06/2015","aio09EU","mig04EU"
"47BIBSYS_HIL","15/05/2015","25/06/2015","aio11EU","mig02EU"
"47BIBSYS_SSB","15/05/2015","25/06/2015","aio05EU","mig01EU"
"01SWRSRCH_INST","01/11/2014","14/11/2014","aio11NA","N/A"
"44COV_INST","02/02/2014","11/02/2014","impl2EU","N/A"
"44APU_INST","10/02/2014","18/02/2014","impl3EU","N/A"
"01BRAND_INST","02/03/2014","13/03/2014","aio08","N/A"
"01PRIN_INST","01/02/2017","23/02/2017","","N/A"
"44LSE_INST","17/02/2014","25/02/2014","impl2EU","N/A"
"01SOUTHWEST_INST","01/11/2014","14/11/2014","aio12NA","N/A"
"39CAM_INST","20/10/2015","30/10/2015","aio01EU","N/A"
"49MIT_INST","04/02/2016","18/02/2016","aio03EU","N/A"
"01UTON_UW","01/04/2014","09/04/2014","aio07","mig04"
"61MONASH_MA","18/02/2014","27/02/2014","aio01AP","N/A"
"61MONASH_SA","18/02/2014","27/02/2014","aio02AP","N/A"
"01CCOC_INST","16/04/2014","30/04/2014","aio08","mig05"
"01LILLY_INST","18/04/2014","30/04/2014","aio04","mig04"
"01INCARNATE_INST","19/09/2014","03/10/2014","aio03NA","N/A"
"01PURDUE_PUCL","11/05/2014","22/05/2014","aio07","N/A"
"01PURDUE_PUNC","11/05/2014","22/05/2014","aio01","N/A"
"61MACQUARIE_INST","20/11/2014","01/12/2014","aio02AP","N/A"
"01OKLA_NORMANLAW","18/12/2014","06/01/2015","aio05NA","mig01"
"01UTON_UW","23/04/2014","05/05/2014","aio07","mig04"
"01ALLIANCE_UO","02/06/2014","18/06/2014","aio06","mig06"
"01ALLIANCE_PSU","08/06/2014","23/06/2014","aio06","mig05"
"01ALLIANCE_UPUGS","08/06/2014","23/06/2014","aio03","mig06"
"01ALLIANCE_SOU","02/06/2014","16/06/2014","aio07","mig04"
"01ALLIANCE_WOU","08/06/2014","23/06/2014","aio01","mig04"
"01ALLIANCE_UPORT","02/06/2014","16/06/2014","aio02","mig05"
"01ALLIANCE_OHSU","16/06/2014","30/06/2014","aio01","mig05"
"01ALLIANCE_OIT","16/06/2014","30/06/2014","aio02","mig04"
"01ALLIANCE_MHCC","02/06/2014","16/06/2014","aio03","mig01"
"01ALLIANCE_CC","08/06/2014","23/06/2014","aio07","mig01"
"01ALLIANCE_PAHL_NCNM","16/06/2014","30/06/2014","aio06","mig06"
"01ALLIANCE_PAHL_OCOM","16/06/2014","30/06/2014","aio03","mig06"
"01ALLIANCE_PAHL_UWS","16/06/2014","30/06/2014","aio08","mig01"
"44COV_INST","17/06/2014","29/06/2014","impl2EU","N/A"
"01PRIN_INST","29/06/2017","15/07/2017","","N/A"
"01ALLIANCE_OSU","28/07/2014","25/08/2014","aio11","mig01"
"01ALLIANCE_CWU","30/08/2014","04/09/2014","aio08","mig04"
"01ALLIANCE_WHITC","28/07/2014","25/08/2014","aio12","mig01"
"01ALLIANCE_SEAU","28/07/2014","25/08/2014","aio07","mig05"
"01ALLIANCE_GFOX","10/07/2014","06/08/2014","aio08","mig01"
"01ALLIANCE_WALLA","28/07/2014","25/08/2014","aio02","mig05"
"01ALLIANCE_CHEMEK","28/07/2014","25/08/2014","aio03","mig06"
"01ALLIANCE_LANECC","10/07/2014","06/08/2014","aio07","mig04"
"01ALLIANCE_COCC","10/07/2014","06/08/2014","aio04","mig05"
"01ALLIANCE_EOU","10/07/2014","06/08/2014","aio11","mig06"
"44LSE_INST","17/07/2014","31/07/2014","impl2EU","N/A"
"44APU_INST","01/08/2014","13/08/2014","impl7EU","N/A"
"65SIM_INST","03/09/2014","17/09/2014","aio01AP","mig01AP"
"61MONASH_MA","13/08/2014","25/08/2014","aio01AP","N/A"
"61MONASH_SA","19/10/2014","29/10/2014","aio02AP","N/A"
"01TRAILS_NETWORK","08/06/2016","30/06/2016","","N/A"
"01TRAILS_UM_WES","08/06/2016","30/06/2016","","N/A"
"01TRAILS_MSU","08/06/2016","30/06/2016","",""
"01TRAILS_UM_WESTERN","08/06/2016","30/06/2016","",""
"01TRAILS_UM_MTECH","08/06/2016","30/06/2016","",""
"01TRAILS_AFFILIATES","08/06/2016","30/06/2016","",""
"01CALS_USM","13/01/2014","24/01/2014","aio04","mig01"
"01UTAH_INST","05/12/2014","18/12/2014","aio08NA","N/A"
"39CAM_INST","30/01/2016","08/02/2016","aio01EU","N/A"
"44KU_INST","30/01/2014","06/02/2014","Impl1EU","N/A"
"49MIT_INST","15/05/2016","26/05/2016","aio03EU","N/A"
"61UNI_NETWORK","01/09/2014","10/10/2014","aio04AP","N/A"
"61UNI_ACU","01/09/2014","10/10/2014","aio05AP","N/A"
"61UNI_CPE","01/09/2014","10/10/2014","aio06AP","N/A"
"61UNI_AVN","01/09/2014","10/10/2014","aio04AP","N/A"
"61UNI_CAM","01/09/2014","10/10/2014","aio05AP","N/A"
"61UNI_CIS","01/09/2014","10/10/2014","aio06AP","N/A"
"61UNI_CSU","01/09/2014","10/10/2014","aio04AP","N/A"
"61UNI_CHC","01/09/2014","10/10/2014","aio05AP","N/A"
"61UNI_JMC","01/09/2014","10/10/2014","aio06AP","N/A"
"61UNI_NAS","01/09/2014","10/10/2014","aio04AP","N/A"
"61UNI_NGA","01/09/2014","10/10/2014","aio05AP","N/A"
"61UNI_NPG","01/09/2014","10/10/2014","aio06AP","N/A"
"61UNI_ACP","01/09/2014","10/10/2014","aio04AP","N/A"
"61UNI_NPL","01/09/2014","10/10/2014","aio05AP","N/A"
"61UNI_KVB","01/09/2014","10/10/2014","aio06AP","N/A"
"61UNI_SAQ","01/09/2014","10/10/2014","aio04AP","N/A"
"61UNI_SJL","01/09/2014","10/10/2014","aio05AP","N/A"
"61UNI_SCU","01/09/2014","10/10/2014","aio06AP","N/A"
"61UNI_SGA","01/09/2014","10/10/2014","aio04AP","N/A"
"61UNI_TCM","01/09/2014","10/10/2014","aio05AP","N/A"
"61UNI_TBA","01/09/2014","10/10/2014","aio06AP","N/A"
"61UNI_TEG","01/09/2014","10/10/2014","aio04AP","N/A"
"61UNI_WID","01/09/2014","10/10/2014","aio05AP","N/A"
"01NWU_INST","05/03/2015","16/03/2015","aio06NA","N/A"
"01CALS_USM","15/05/2014","28/05/2014","aio07","mig01"
"65SIM_INST","24/11/2014","04/12/2014","aio01AP",""
"01CCOC_INST","05/08/2014","19/08/2014","aio08","mig05"
"47BIBSYS_NETWORK","01/11/2015","31/12/2015","aio06EU",""
"47BIBSYS_NB","02/11/2015","30/11/2015","aio06EU",""
"47BIBSYS_NTNU_UB","08/11/2015","20/11/2015","aio02EU",""
"47BIBSYS_UBO","04/11/2015","19/11/2015","aio04EU",""
"47BIBSYS_UBTO","10/11/2015","24/11/2015","aio03EU",""
"47BIBSYS_NOBEL","17/11/2015","01/12/2015","aio04EU",""
"47BIBSYS_UBB","08/11/2015","23/11/2015","aio05EU",""
"47BIBSYS_UBIS","11/11/2015","25/11/2015","aio10EU",""
"47BIBSYS_UBA","11/11/2015","25/11/2015","aio09EU",""
"47BIBSYS_HIT","11/11/2015","25/11/2015","aio11EU",""
"47BIBSYS_UBIN","15/11/2015","27/11/2015","aio12EU",""
"47BIBSYS_HIOA","15/11/2015","30/11/2015","aio05EU",""
"47BIBSYS_NMBU","17/11/2015","01/12/2015","aio05EU",""
"47BIBSYS_HH","12/11/2015","26/11/2015","aio13EU",""
"47BIBSYS_BI","15/11/2015","30/11/2015","aio13EU",""
"47BIBSYS_NHHB","17/11/2015","01/12/2015","aio03EU",""
"47BIBSYS_HBV","15/11/2015","27/11/2015","aio09EU",""
"47BIBSYS_HIO","12/11/2015","26/11/2015","aio04EU",""
"47BIBSYS_HINT","15/11/2015","27/11/2015","aio03EU",""
"47BIBSYS_HVO","12/11/2015","26/11/2015","aio05EU",""
"47BIBSYS_HIB","17/11/2015","01/12/2015","aio10EU",""
"47BIBSYS_HIST","08/11/2015","20/11/2015","aio08EU",""
"47BIBSYS_HIM","17/11/2015","01/12/2015","aio08EU",""
"47BIBSYS_HSF","17/11/2015","01/12/2015","aio09EU",""
"47BIBSYS_HIL","15/11/2015","27/11/2015","aio11EU",""
"47BIBSYS_SSB","15/11/2015","27/11/2015","aio01EU",""
"61SLQ_INST","03/11/2014","28/11/2014","aio03AP","N/A"
"01TRAILS_NETWORK","27/11/2016","16/12/2016","","N/A"
"01TRAILS_UM_WES","27/11/2016","16/12/2016","","N/A"
"01TRAILS_MSU","27/11/2016","16/12/2016","",""
"01TRAILS_UM_WESTERN","27/11/2016","16/12/2016","",""
"01TRAILS_UM_MTECH","27/11/2016","16/12/2016","",""
"01TRAILS_AFFILIATES","27/11/2016","16/12/2016","",""
"01ALLIANCE_OSU","17/11/2014","04/12/2014","aio11NA",""
"01ALLIANCE_CWU","03/12/2014","18/12/2014","aio01NA",""
"01ALLIANCE_WHITC","22/12/2014","08/01/2015","aio12NA","mig04"
"01ALLIANCE_SEAU","02/12/2014","15/12/2014","aio07NA",""
"01ALLIANCE_GFOX","03/12/2014","18/12/2014","aio04NA",""
"01ALLIANCE_WALLA","29/10/2014","17/11/2014","aio02NA",""
"01ALLIANCE_CHEMEK","30/11/2014","12/12/2014","aio03NA",""
"01ALLIANCE_LANECC","03/12/2014","17/12/2014","aio12NA",""
"01ALLIANCE_COCC","17/11/2014","01/12/2014","aio04NA",""
"01ALLIANCE_EOU","30/11/2014","15/12/2014","aio11NA",""
"39RM_2DUE","02/11/2015","13/11/2015","aio07EU","N/A"
"39RM_2DUE","22/02/2016","07/03/2016","aio07EU","N/A"
"44KU_INST","21/05/2014","02/06/2014","Impl1EU","N/A"
"01GALI_EMORY","01/08/2015","17/08/2015","aio06NA","N/A"
"82SNU_INST","15/03/2015","15/04/2015","aio01AP","mig02AP"
"49MAN_INST","01/09/2015","10/09/2015","aio03EU","N/A"
"49KOBV_HUB","01/03/2016","21/03/2016","aio01EU","N/A"
"49KOBV_FUB","01/03/2016","21/03/2016","aio02EU","N/A"
"49KOBV_TUBUDK","01/03/2016","21/03/2016","aio04EU","N/A"
"49HTW_INST","01/03/2015","25/03/2015","aio03EU","mig03EU"
"65SIM_INST","10/05/2014","31/05/2014","aio01AP","mig01AP"
"82SNU_INST","27/05/2015","19/06/2015","aio01AP","mig01AP"
"01UWI_NETWORK","27/09/2014","24/10/2014","","N/A"
"61UNI_NETWORK","27/05/2015","22/06/2015","","N/A"
"61UNI_ACU","27/05/2015","22/06/2015","aio05AP","N/A"
"61UNI_CPE","27/05/2015","22/06/2015","aio02AP","N/A"
"61UNI_AVN","27/05/2015","22/06/2015","aio05AP","N/A"
"61UNI_CAM","27/05/2015","22/06/2015","aio04AP","N/A"
"61UNI_CIS","27/05/2015","22/06/2015","aio02AP","N/A"
"61UNI_CSU","27/05/2015","22/06/2015","aio06AP","N/A"
"61UNI_CHC","27/05/2015","22/06/2015","aio05AP","N/A"
"61UNI_JMC","27/05/2015","22/06/2015","aio02AP","N/A"
"61UNI_NAS","27/05/2015","22/06/2015","aio06AP","N/A"
"61UNI_NGA","27/05/2015","22/06/2015","aio05AP","N/A"
"61UNI_NPG","27/05/2015","22/06/2015","aio04AP","N/A"
"61UNI_ACP","27/05/2015","22/06/2015","aio06AP","N/A"
"61UNI_NPL","27/05/2015","22/06/2015","aio02AP","N/A"
"61UNI_KVB","27/05/2015","22/06/2015","aio04AP","N/A"
"61UNI_SAQ","27/05/2015","22/06/2015","aio02AP","N/A"
"61UNI_SJL","27/05/2015","22/06/2015","aio04AP","N/A"
"61UNI_SCU","27/05/2015","22/06/2015","aio05AP","N/A"
"61UNI_SGA","27/05/2015","22/06/2015","aio06AP","N/A"
"61UNI_TCM","27/05/2015","22/06/2015","aio04AP","N/A"
"61UNI_TBA","27/05/2015","22/06/2015","aio02AP","N/A"
"61UNI_TEG","27/05/2015","22/06/2015","aio06AP","N/A"
"61UNI_WID","27/05/2015","22/06/2015","aio06AP","N/A"
"61UNI_NGO","27/05/2015","22/06/2015","","N/A"
"01UWI_MAD","27/09/2014","24/10/2014","","N/A"
"01UWI_GB","27/09/2014","24/10/2014","","N/A"
"01UWI_ML","27/09/2014","24/10/2014","","N/A"
"01UWI_LC","27/09/2014","24/10/2014","","N/A"
"01UWI_OSH","27/09/2014","24/10/2014","","N/A"
"01UWI_PL","27/09/2014","24/10/2014","","N/A"
"01UWI_PLT","27/09/2014","24/10/2014","","N/A"
"01UWI_RF","27/09/2014","24/10/2014","","N/A"
"01UWI_SF","27/09/2014","24/10/2014","","N/A"
"01UWI_ST","27/09/2014","24/10/2014","","N/A"
"01UWI_SUP","27/09/2014","24/10/2014","","N/A"
"01UWI_WW","27/09/2014","24/10/2014","","N/A"
"01UWI_2YR","27/09/2014","24/10/2014","","N/A"
"49HTW_INST","05/05/2015","25/05/2015","aio03EU","mig03EU"
"39TES_INST","01/02/2016","15/02/2016","aio09EU","mig05EU"
"01NWU_INST","06/07/2015","21/07/2015","aio06NA","N/A"
"01GALI_EMORY","01/12/2015","16/12/2015","","N/A"
"49HTW_INST","11/08/2015","31/08/2015","",""
"39TES_INST","10/03/2016","27/03/2016","aio07EU","mig05EU"
"49MAN_INST","17/12/2015","07/01/2016","aio03EU","N/A"
"49KOBV_HUB","08/09/2016","23/09/2016","","N/A"
"49KOBV_FUB","15/09/2016","30/09/2016","","N/A"
"49KOBV_TUBUDK","01/09/2016","16/09/2016","","N/A"
"82SNU_INST","02/08/2015","17/08/2015","aio04AP","mig02AP"
"39TES_INST","10/05/2016","23/05/2016","aio09EU","mig03EU"
"01UWI_NETWORK","21/04/2015","20/05/2015","aio05NA","N/A"
"01UWI_MAD","21/04/2015","20/05/2015","aio05NA","N/A"
"01UWI_GB","21/04/2015","20/05/2015","aio04NA","N/A"
"01UWI_ML","21/04/2015","20/05/2015","aio01NA","N/A"
"01UWI_LC","21/04/2015","20/05/2015","aio04NA","N/A"
"01UWI_OSH","21/04/2015","20/05/2015","aio11NA","N/A"
"01UWI_PL","21/04/2015","20/05/2015","aio01NA","N/A"
"01UWI_PLT","21/04/2015","20/05/2015","aio12NA","N/A"
"01UWI_RF","21/04/2015","20/05/2015","aio01NA","N/A"
"01UWI_SF","21/04/2015","20/05/2015","aio12NA","N/A"
"01UWI_ST","21/04/2015","20/05/2015","aio11NA","N/A"
"01UWI_SUP","21/04/2015","20/05/2015","aio04EU","N/A"
"01UWI_WW","21/04/2015","20/05/2015","aio11NA","N/A"
"01UWI_EC","21/04/2015","20/05/2015","aio11NA","N/A"
"32ULG_INST","20/10/2014","30/10/2014","aio05EU","N/A"
"32ULG_INST","08/02/2015","19/02/2015","aio05EU","N/A"
"31UKB_UTW","10/01/2017","31/01/2017","",""
"31UKB_UTW","05/03/2017","21/03/2017","",""
"31UKB_UTW","03/05/2017","17/05/2017","",""
"31UKB_LEU","10/01/2016","27/01/2016","aio03EU","N/A"
"31UKB_LEU","01/07/2016","18/07/2016","","N/A"
"49CBDZ_NETWORK","10/03/2016","31/03/2016","","N/A"
"49CBDZ_NETWORK","05/08/2016","20/08/2016","","N/A"
"01UWI_2YR","21/04/2015","20/05/2015","aio05AP","N/A"
"44NEW_INST","15/02/2015","26/02/2015","aio04EU","N/A"
"44NEW_INST","18/08/2015","31/08/2015","aio05EU","N/A"
"44NHM_INST","12/02/2014","26/02/2014","impl5EU","mig01EU"
"44NHM_INST","01/07/2014","14/07/2014","Impl1EU",""
"61CSIRO_INST","18/11/2013","27/11/2014","aio03AP","N/A"
"61CSIRO_INST","16/02/2014","03/03/2014","aio03AP","N/A"
"61UQ_INST","06/03/2016","22/03/2016","aio03AP","mig01AP"
"61UQ_INST","12/06/2016","27/06/2016","",""
"01ALLIANCE_EWU","01/09/2013","11/09/2013","aio04","mig03V2"
"01WMU_INST","05/01/2015","16/01/2015","aio06NA","N/A"
"01WMU_INST","01/05/2015","18/05/2015","","N/A"
"47BIBSYS_MF","15/05/2015","25/06/2015","aio12EU","mig03EU"
"47BIBSYS_NLA","15/05/2015","25/06/2015","aio08EU","mig03EU"
"47BIBSYS_BRC","15/05/2015","25/06/2015","aio09EU","mig03EU"
"47BIBSYS_FISKDIR","15/05/2015","25/06/2015","aio05EU","mig04EU"
"47BIBSYS_HSH","15/05/2015","25/06/2015","aio13EU","mig03EU"
"47BIBSYS_HIG","15/05/2015","25/06/2015","aio08EU","mig04EU"
"47BIBSYS_RIKSANT","15/05/2015","25/06/2015","aio11EU","mig05EU"
"47BIBSYS_HIH","15/05/2015","25/06/2015","aio10EU","mig05EU"
"47BIBSYS_HAL","15/05/2015","25/06/2015","aio12EU","mig02EU"
"47BIBSYS_HIN","15/05/2015","25/06/2015","aio11EU","mig01EU"
"47BIBSYS_AHO","15/05/2015","25/06/2015","aio11EU","mig02EU"
"47BIBSYS_NIH","15/05/2015","25/06/2015","aio12EU","mig03EU"
"47BIBSYS_HINESNA","15/05/2015","25/06/2015","aio05EU","mig05EU"
"47BIBSYS_MHS","15/05/2015","25/06/2015","aio09EU","mig05EU"
"47BIBSYS_IFE","15/05/2015","25/06/2015","aio09EU","mig05EU"
"47BIBSYS_KHIO","15/05/2015","25/06/2015","aio10EU","mig04EU"
"47BIBSYS_DIAKONHS","15/05/2015","25/06/2015","aio09EU","mig03EU"
"47BIBSYS_NOFIMA","15/05/2015","25/06/2015","aio10EU","mig05EU"
"47BIBSYS_FFI_BIBL","15/05/2015","25/06/2015","aio12EU","mig02EU"
"47BIBSYS_DIAKON","15/05/2015","25/06/2015","aio06EU","mig01EU"
"47BIBSYS_STORTING","15/05/2015","25/06/2015","aio08EU","mig02EU"
"47BIBSYS_NBI","15/05/2015","25/06/2015","aio13EU","mig03EU"
"47BIBSYS_NBANK","15/05/2015","25/06/2015","aio06EU","mig05EU"
"47BIBSYS_TEKNMUS","15/05/2015","25/06/2015","aio09EU","mig04EU"
"47BIBSYS_NFR","15/05/2015","25/06/2015","aio06EU","mig02EU"
"47BIBSYS_DEPSS","15/05/2015","25/06/2015","aio11EU","mig05EU"
"47BIBSYS_VEGDIR","15/05/2015","25/06/2015","aio05EU","mig05EU"
"47BIBSYS_FOLKHELS","15/05/2015","25/06/2015","aio07EU","mig03EU"
"47BIBSYS_SIRUS","15/05/2015","25/06/2015","aio10EU","mig04EU"
"47BIBSYS_FOLKEMUS","15/05/2015","25/06/2015","aio08EU","mig02EU"
"47BIBSYS_SHDIR","15/05/2015","25/06/2015","aio05EU","mig03EU"
"47BIBSYS_UNIS","15/05/2015","25/06/2015","aio12EU","mig02EU"
"47BIBSYS_NPOLAR","15/05/2015","25/06/2015","aio07EU","mig01EU"
"47BIBSYS_BREDK","15/05/2015","25/06/2015","aio13EU","mig02EU"
"47BIBSYS_DMMH","15/05/2015","25/06/2015","aio10EU","mig05EU"
"47BIBSYS_AHUS","15/05/2015","25/06/2015","aio06EU","mig02EU"
"47BIBSYS_STAVMUS","15/05/2015","25/06/2015","aio10EU","mig01EU"
"47BIBSYS_DIASYK","15/05/2015","25/06/2015","aio07EU","mig02EU"
"47BIBSYS_BUSKSYK","15/05/2015","25/06/2015","aio06EU","mig05EU"
"47BIBSYS_NISK","15/05/2015","25/06/2015","aio09EU","mig03EU"
"47BIBSYS_SAMALL","15/05/2015","25/06/2015","aio07EU","mig02EU"
"47BIBSYS_SSHF","15/05/2015","25/06/2015","aio07EU","mig05EU"
"47BIBSYS_MAIHAUG","15/05/2015","25/06/2015","aio12EU","mig01EU"
"47BIBSYS_NIFU","15/05/2015","25/06/2015","aio05EU","mig01EU"
"47BIBSYS_LOVISHS","15/05/2015","25/06/2015","aio11EU","mig02EU"
"47BIBSYS_NINA_DN","15/05/2015","25/06/2015","aio11EU","mig01EU"
"47BIBSYS_BDH","15/05/2015","25/06/2015","aio08EU","mig03EU"
"47BIBSYS_FHS","15/05/2015","25/06/2015","aio08EU","mig03EU"
"47BIBSYS_RBUP_OS","15/05/2015","25/06/2015","aio13EU","mig04EU"
"47BIBSYS_HDH","15/05/2015","25/06/2015","aio09EU","mig04EU"
"47BIBSYS_SAMBIB","15/05/2015","25/06/2015","aio08EU","mig02EU"
"47BIBSYS_POLITIHS","15/05/2015","25/06/2015","aio07EU","mig03EU"
"47BIBSYS_SABHF","15/05/2015","25/06/2015","aio06EU","mig04EU"
"47BIBSYS_FONNA","15/05/2015","25/06/2015","aio10EU","mig03EU"
"47BIBSYS_TRETEKN","15/05/2015","25/06/2015","aio08EU","mig02EU"
"47BIBSYS_FORBRUK","15/05/2015","25/06/2015","aio06EU","mig01EU"
"47BIBSYS_KRUS","15/05/2015","25/06/2015","aio13EU","mig03EU"
"47BIBSYS_SKOFIMUS","15/05/2015","25/06/2015","aio12EU","mig03EU"
"47BIBSYS_SINTEF","15/05/2015","25/06/2015","aio13EU","mig02EU"
"47BIBSYS_JUSDEP","15/05/2015","25/06/2015","aio06EU","mig04EU"
"47BIBSYS_AASENTUN","15/05/2015","25/06/2015","aio10EU","mig01EU"
"47BIBSYS_MIGRDIR","15/05/2015","25/06/2015","aio08EU","mig04EU"
"47BIBSYS_NILU","15/05/2015","25/06/2015","aio11EU","mig01EU"
"47BIBSYS_MOLDESYK","15/05/2015","25/06/2015","aio12EU","mig01EU"
"47BIBSYS_NOM","15/05/2015","25/06/2015","aio05EU","mig04EU"
"47BIBSYS_NIVA","15/05/2015","25/06/2015","aio05EU","mig03EU"
"47BIBSYS_MH","15/05/2015","25/06/2015","aio06EU","mig05EU"
"47BIBSYS_JBV","15/05/2015","25/06/2015","aio07EU","mig01EU"
"47BIBSYS_TELSYK","15/05/2015","25/06/2015","aio10EU","mig04EU"
"47BIBSYS_GLOMDAL","15/05/2015","25/06/2015","aio05EU","mig05EU"
"47BIBSYS_GRANDE","15/05/2015","25/06/2015","aio07EU","mig05EU"
"47BIBSYS_SINTEF_E","15/05/2015","25/06/2015","aio08EU","mig01EU"
"47BIBSYS_OSTFSYK","15/05/2015","25/06/2015","aio11EU","mig05EU"
"47BIBSYS_PFP","15/05/2015","25/06/2015","aio09EU","mig02EU"
"47BIBSYS_MF","17/11/2015","01/12/2015","aio12EU",""
"47BIBSYS_NLA","15/11/2015","01/12/2015","aio08NA",""
"47BIBSYS_BRC","15/11/2015","30/11/2015","aio09EU",""
"47BIBSYS_FISKDIR","10/11/2015","24/11/2015","aio01EU",""
"47BIBSYS_HSH","17/11/2015","01/12/2015","aio13EU",""
"47BIBSYS_HIG","08/11/2015","20/11/2015","aio08EU",""
"47BIBSYS_RIKSANT","15/11/2015","27/11/2015","aio11EU",""
"47BIBSYS_HIH","10/11/2015","24/11/2015","aio10EU",""
"47BIBSYS_HAL","08/11/2015","20/11/2015","aio12EU",""
"47BIBSYS_HIN","10/11/2015","24/11/2015","aio11EU",""
"47BIBSYS_AHO","12/11/2015","26/11/2015","aio11EU",""
"47BIBSYS_NIH","12/11/2015","26/11/2015","aio12EU",""
"47BIBSYS_HINESNA","15/11/2015","27/11/2015","aio05EU",""
"47BIBSYS_MHS","12/11/2015","26/11/2015","aio09EU",""
"47BIBSYS_IFE","08/11/2015","23/11/2015","aio09EU",""
"47BIBSYS_KHIO","15/11/2015","30/11/2015","aio10EU",""
"47BIBSYS_NOFIMA","08/11/2015","20/11/2015","aio10EU",""
"47BIBSYS_FFI_BIBL","11/11/2015","25/11/2015","aio12EU",""
"47BIBSYS_DIAKON","12/11/2015","26/11/2015","aio04EU",""
"47BIBSYS_STORTING","15/11/2015","30/11/2015","aio08EU",""
"47BIBSYS_NBI","11/11/2015","25/11/2015","aio13EU",""
"47BIBSYS_NBANK","10/11/2015","24/11/2015","aio04EU",""
"47BIBSYS_TEKNMUS","11/11/2015","25/11/2015","aio13EU",""
"47BIBSYS_NFR","08/11/2015","23/11/2015","aio04EU",""
"47BIBSYS_DEPSS","15/11/2015","27/11/2015","aio11EU",""
"47BIBSYS_VEGDIR","11/11/2015","25/11/2015","aio05EU",""
"47BIBSYS_FOLKHELS","10/11/2015","24/11/2015","aio01EU",""
"47BIBSYS_SIRUS","10/11/2015","24/11/2015","aio10EU",""
"47BIBSYS_FOLKEMUS","11/11/2015","25/11/2015","aio08EU",""
"47BIBSYS_SHDIR","10/11/2015","24/11/2015","aio09EU",""
"47BIBSYS_UNIS","08/11/2015","20/11/2015","aio12EU",""
"47BIBSYS_NPOLAR","10/11/2015","24/11/2015","aio13EU",""
"47BIBSYS_BREDK","08/11/2015","23/11/2015","aio13EU",""
"47BIBSYS_DMMH","11/11/2015","25/11/2015","aio10EU",""
"47BIBSYS_AHUS","15/11/2015","27/11/2015","aio04EU",""
"47BIBSYS_STAVMUS","15/11/2015","27/11/2015","aio10EU",""
"47BIBSYS_DIASYK","08/11/2015","20/11/2015","aio01EU",""
"47BIBSYS_BUSKSYK","02/11/2015","18/11/2015","aio01EU",""
"47BIBSYS_NISK","04/11/2015","19/11/2015","aio09EU",""
"47BIBSYS_SAMALL","12/11/2015","26/11/2015","aio03EU",""
"47BIBSYS_SSHF","08/11/2015","20/11/2015","aio01EU",""
"47BIBSYS_MAIHAUG","10/11/2015","24/11/2015","aio12EU",""
"47BIBSYS_NIFU","08/11/2015","23/11/2015","aio03EU",""
"47BIBSYS_LOVISHS","08/11/2015","23/11/2015","aio11EU",""
"47BIBSYS_NINA_DN","11/11/2015","25/11/2015","aio01EU",""
"47BIBSYS_BDH","12/11/2015","26/11/2015","aio08EU",""
"47BIBSYS_FHS","11/11/2015","25/11/2015","aio08EU",""
"47BIBSYS_RBUP_OS","08/11/2015","20/11/2015","aio13EU",""
"47BIBSYS_HDH","12/11/2015","26/11/2015","aio09EU",""
"47BIBSYS_SAMBIB","10/11/2015","24/11/2015","aio08EU",""
"47BIBSYS_POLITIHS","08/11/2015","23/11/2015","aio04EU",""
"47BIBSYS_SABHF","02/11/2015","18/11/2015","aio09EU",""
"47BIBSYS_FONNA","02/11/2015","18/11/2015","aio10EU",""
"47BIBSYS_TRETEKN","04/11/2015","19/11/2015","aio08EU",""
"47BIBSYS_FORBRUK","15/11/2015","30/11/2015","aio04EU",""
"47BIBSYS_KRUS","04/11/2015","19/11/2015","aio13EU",""
"47BIBSYS_SKOFIMUS","08/11/2015","20/11/2015","aio09EU",""
"47BIBSYS_SINTEF","02/11/2015","18/11/2015","aio13EU",""
"47BIBSYS_DIAKONHS","04/11/2015","19/11/2015","aio01EU",""
"47BIBSYS_JUSDEP","08/11/2015","23/11/2015","aio11EU",""
"47BIBSYS_AASENTUN","08/11/2015","23/11/2015","aio10EU",""
"47BIBSYS_MIGRDIR","08/11/2015","23/11/2015","aio08EU",""
"47BIBSYS_NILU","15/11/2015","30/11/2015","aio11EU",""
"47BIBSYS_MOLDESYK","04/11/2015","19/11/2015","aio12EU",""
"47BIBSYS_NOM","04/11/2015","19/11/2015","aio01EU",""
"47BIBSYS_NIVA","02/11/2015","18/11/2015","aio04EU",""
"47BIBSYS_MH","08/11/2015","23/11/2015","aio12EU",""
"47BIBSYS_JBV","04/11/2015","19/11/2015","aio04EU",""
"47BIBSYS_TELSYK","04/11/2015","19/11/2015","aio10EU",""
"47BIBSYS_GLOMDAL","08/11/2015","20/11/2015","aio04EU",""
"47BIBSYS_GRANDE","02/11/2015","18/11/2015","aio04EU",""
"47BIBSYS_SINTEF_E","02/11/2015","18/11/2015","aio08EU",""
"47BIBSYS_OSTFSYK","04/11/2015","19/11/2015","aio11EU",""
"47BIBSYS_PFP","04/11/2015","19/11/2015","aio09EU",""
"47BIBSYS_ERFKOMP","02/11/2015","18/11/2015","aio11EU",""
"47BIBSYS_KT","02/11/2015","18/11/2015","aio12EU",""
"47BIBSYS_AMH","02/11/2015","18/11/2015","aio13EU",""
"47BIBSYS_ERFKOMP","15/05/2015","25/06/2015","aio11EU","mig04EU"
"47BIBSYS_KT","15/05/2015","25/06/2015","aio12EU","mig05EU"
"47BIBSYS_NETWORK","15/07/2014","26/08/2014","impl5EU","mig02EU"
"47BIBSYS_NB","15/07/2014","26/08/2014","impl6EU","mig02EU"
"47BIBSYS_NTNU_UB","15/07/2014","26/08/2014","impl4EU","mig02EU"
"47BIBSYS_UBO","15/07/2014","26/08/2014","impl3EU","mig02EU"
"47BIBSYS_NETWORK","05/01/2015","27/01/2015","aio05EU","mig01EU"
"47BIBSYS_NB","05/01/2015","27/01/2015","aio06EU","mig02EU"
"47BIBSYS_NTNU_UB","05/01/2015","27/01/2015","aio02EU","mig03EU"
"47BIBSYS_UBO","05/01/2015","27/01/2015","aio01EU","mig02EU"
"41UNOG_INST","05/08/2014","15/08/2014","impl2EU","N/A"
"41UNOG_INST","16/11/2014","01/12/2014","aio02EU","N/A"
"01KSU_INST","18/02/2015","04/03/2015","aio06NA","N/A"
"01KSU_INST","05/07/2015","20/07/2015","aio05NA","N/A"
"01CASLS_REGINA","01/08/2016","14/08/2016","","N/A"
"01CASLS_REGINA","01/11/2016","14/11/2016","","N/A"
"01UTN_KNOXVILLE","03/08/2014","15/08/2014","aio03","N/A"
"01UTN_KNOXVILLE","08/12/2014","18/12/2014","aio03NA","N/A"
"01URI_INST","08/03/2015","19/03/2015","aio11NA","mig06"
"01URI_INST","04/06/2015","15/06/2015","",""
"64UNITEC_INST","03/08/2014","12/08/2014","aio02AP","N/A"
"64UNITEC_INST","20/11/2014","04/12/2014","aio04AP","N/A"
"01ALLIANCE_REED","20/09/2013","26/09/2013","",""
"41BIG_INST","10/10/2013","30/10/2013","Impl1EU","mig01EU"
"32KUL_KUL","04/11/2013","18/11/2013","impl5EU","N/A"
"61LATROBE_INST","01/09/2014","16/09/2014","aio02AP","mig05"
"61LATROBE_INST","11/01/2015","28/01/2015","aio02AP","mig01"
"64UAUCK_INST","23/04/2014","30/04/2014","aio01AP","N/A"
"64UAUCK_INST","02/09/2014","15/09/2014","aio03AP","N/A"
"39UBZ_INST","01/11/2013","07/11/2013","",""
"39UBZ_INST","20/11/2013","23/11/2013","impl3EU","mig01EU"
"45DDA_INST","01/04/2014","07/04/2014","impl3EU","N/A"
"61UWA_INST","10/08/2014","21/08/2014","aio03AP","mig01AP"
"61UWA_INST","19/11/2014","01/12/2014","aio05AP",""
"64LINCOLN_INST","22/05/2014","29/05/2014","aio01AP","N/A"
"64LINCOLN_INST","15/08/2014","25/08/2014","aio01AP","N/A"
"61BOND_INST","03/01/2015","19/01/2015","aio02AP","N/A"
"61BOND_INST","18/04/2015","27/04/2015","","N/A"
"39UBZ_INST","13/11/2013","18/11/2013","impl3EU","mig01EU"
"39UBZ_INST","13/11/2013","18/11/2013","impl3EU","mig01EU"
"32KUL_KUL","03/11/2013","10/11/2013","",""
"61CUR_INST","24/11/2013","25/11/2013","aio01AP","N/A"
"44NAP_INST","23/04/2014","30/04/2014","impl5EU","N/A"
"44NAP_INST","03/08/2014","12/08/2014","impl6EU","N/A"
"39PIS_INST","24/05/2015","02/06/2015","aio07EU","N/A"
"39PIS_INST","07/10/2015","19/10/2015","aio01EU","N/A"
"39UDN_INST","24/05/2015","02/06/2015","aio01EU","N/A"
"39UDN_INST","07/10/2015","19/10/2015","aio04EU","N/A"
"01UWI_NETWORK","24/04/2014","15/05/2014","aio04","N/A"
"01UWI_MAD","24/04/2014","15/05/2014","aio02","N/A"
"01UWI_ML","24/04/2014","15/05/2014","aio03","N/A"
"01UWI_RF","24/04/2014","15/05/2014","aio06","N/A"
"01UWI_EC","27/09/2014","24/10/2014","","N/A"
"41BIG_INST","15/08/2013","02/09/2013","Impl1EU","mig01EU"
"41BIG_INST","07/11/2013","27/11/2013","Impl1EU","mig01EU"
"41BIG_INST","15/08/2013","02/09/2013","Impl1EU","mig01EU"
"41BIG_INST","07/11/2013","27/11/2013","Impl1EU","mig01EU"
"41BIG_INST","15/08/2013","02/09/2013","Impl1EU","mig01EU"
"41BIG_INST","07/11/2013","27/11/2013","Impl1EU","mig01EU"
"41BIG_INST","15/08/2013","02/09/2013","Impl1EU","mig01EU"
"41BIG_INST","07/11/2013","27/11/2013","Impl1EU","mig01EU"
"41BIG_INST","15/08/2013","02/09/2013","Impl1EU","mig01EU"
"41BIG_INST","15/08/2013","02/09/2013","Impl1EU","mig01EU"
"41BIG_INST","07/11/2013","27/11/2013","Impl1EU","mig01EU"
"41BIG_INST","15/08/2013","02/09/2013","Impl1EU","mig01EU"
"41BIG_INST","07/11/2013","27/11/2013","Impl1EU","mig01EU"
"41BIG_INST","15/08/2013","02/09/2013","Impl1EU","mig01EU"
"41BIG_INST","07/11/2013","27/11/2013","Impl1EU","mig01EU"
"41BIG_INST","15/08/2013","02/09/2013","Impl1EU","mig01EU"
"41BIG_INST","07/11/2013","27/11/2013","Impl1EU","mig01EU"
"41BIG_INST","15/08/2013","02/09/2013","Impl1EU","mig01EU"
"41BIG_INST","07/11/2013","27/11/2013","Impl1EU","mig01EU"
"01UWI_15","01/10/2014","24/10/2014","","N/A"
"01UWI_16","01/10/2014","24/10/2014","","N/A"
"01UWI_17","01/10/2014","24/10/2014","","N/A"
"01UWI_18","01/10/2014","24/10/2014","","N/A"
"01UWI_19","01/10/2014","24/10/2014","","N/A"
"01UWI_20","01/10/2014","24/10/2014","","N/A"
"01UWI_21","01/10/2014","24/10/2014","","N/A"
"01UWI_22","01/10/2014","24/10/2014","","N/A"
"01UWI_23","01/10/2014","24/10/2014","","N/A"
"01UWI_24","01/10/2014","24/10/2014","","N/A"
"01UWI_25","01/10/2014","24/10/2014","","N/A"
"01UWI_26","01/10/2014","24/10/2014","","N/A"
"01UWI_2YR2","23/04/2015","20/05/2015","","N/A"
"01UWI_2YR3","23/04/2015","20/05/2015","","N/A"
"01UWI_2YR4","23/04/2015","20/05/2015","","N/A"
"01UWI_2YR5","23/04/2015","20/05/2015","","N/A"
"01UWI_2YR6","23/04/2015","20/05/2015","","N/A"
"01UWI_2YR7","23/04/2015","20/05/2015","","N/A"
"01UWI_2YR8","23/04/2015","20/05/2015","","N/A"
"01UWI_2YR9","23/04/2015","20/05/2015","","N/A"
"01UWI_2YR10","23/04/2015","20/05/2015","","N/A"
"01UWI_2YR11","23/04/2015","20/05/2015","","N/A"
"01UWI_2YR12","23/04/2015","20/05/2015","","N/A"
"01UWI_2YR13","23/04/2015","20/05/2015","","N/A"
"41BIG_INST","07/11/2013","27/11/2013","Impl1EU","mig01EU"
"41BIG_INST","07/11/2013","27/11/2013","Impl1EU","mig01EU"
"41BIG_INST","15/08/2013","02/09/2013","Impl1EU","mig01EU"
"49LEIP_HTWK","29/10/2014","10/11/2014","aio03EU",""
"49LEIP_HTWK","26/12/2014","06/01/2015","aio03EU","mig01EU"
"44SUR_INST","13/04/2015","27/04/2015","aio01EU","mig01EU"
"44SUR_INST","06/08/2015","17/08/2015","",""
"47BIBSYS_UBTO","15/07/2014","26/08/2014","Impl1EU","mig02EU"
"01UCO_INST","18/06/2014","26/06/2014","aio07","N/A"
"01UCO_INST","02/10/2014","13/10/2014","aio07NA","N/A"
"01GALI_NETWORK","15/09/2016","15/10/2016","","N/A"
"01GALI_NETWORK","01/05/2017","25/05/2017","","N/A"
"47BIBSYS_NOBEL","15/07/2014","26/08/2014","impl2EU","mig02EU"
"47BIBSYS_UBTO","05/01/2015","27/01/2015","aio02EU","mig03EU"
"47BIBSYS_NOBEL","05/01/2015","27/01/2015","aio01EU","mig03EU"
"44ROY_INST","01/09/2015","12/09/2015","aio02EU","N/A"
"44ROY_INST","22/12/2015","06/01/2016","aio02EU","N/A"
"44SHU_INST","20/03/2015","29/03/2015","aio01EU",""
"44SHU_INST","24/06/2015","06/07/2015","aio01EU","mig03EU"
"44SUS_INST","01/03/2015","10/03/2015","aio04EU","mig01EU"
"44SUS_INST","01/07/2015","20/07/2015","aio02EU","mig04EU"
"44UOE_INST","15/03/2015","26/03/2015","aio07EU","N/A"
"44UOE_INST","16/06/2015","26/06/2015","aio01EU","N/A"
"44OPN_INST","27/10/2014","05/11/2014","aio04EU","N/A"
"44OPN_INST","18/01/2015","29/01/2015","aio03EU","N/A"
"44WHELF_SWA","02/03/2015","16/03/2015","aio06EU","N/A"
"44WHELF_SWA","11/06/2015","23/06/2015","aio11EU","N/A"
"44WHELF_CAR","04/03/2016","17/03/2016","aio08EU","N/A"
"44WHELF_CAR","15/07/2016","03/08/2016","","N/A"
"44WHELF_ABW","16/03/2015","25/03/2015","aio02EU","N/A"
"44WHELF_ABW","07/07/2015","20/07/2015","aio04EU","N/A"
"01OKLA_TULSAOHS","31/08/2014","15/09/2014","","mig04"
"01OKLA_TULSAOHS","22/12/2014","06/01/2015","aio06NA","mig05"
"01STATEWA_BELCC","16/03/2016","05/04/2016","aio09NA","N/A"
"01STATEWA_BTC","16/03/2016","05/04/2016","aio05NA","N/A"
"01STATEWA_BIGBCC","15/09/2016","29/09/2016","","N/A"
"01STATEWA_CENTCC","15/09/2016","29/09/2016","","N/A"
"01STATEWA_CPTC","16/03/2016","05/04/2016","aio12NA","mig05NA"
"01STATEWA_EDCC","16/03/2016","05/04/2016","aio09NA","N/A"
"01STATEWA_EVCC","20/04/2017","08/05/2017","","N/A"
"01STATEWA_GHC","15/09/2016","29/09/2016","","N/A"
"01STATEWA_GRCC","15/09/2016","29/09/2016","","N/A"
"01STATEWA_HCC","16/03/2016","05/04/2016","aio05NA","N/A"
"01STATEWA_LWIT","20/04/2017","08/05/2017","","N/A"
"01STATEWA_BELCC","30/06/2016","20/07/2016","","N/A"
"01STATEWA_BTC","30/06/2016","20/07/2016","","N/A"
"01STATEWA_BIGBCC","03/01/2017","23/01/2017","","N/A"
"01STATEWA_CENTCC","03/01/2017","23/01/2017","","N/A"
"01STATEWA_CPTC","30/06/2016","20/07/2016","","N/A"
"01STATEWA_EDCC","30/06/2016","20/07/2016","","N/A"
"01STATEWA_EVCC","21/06/2017","11/07/2017","","N/A"
"01STATEWA_GHC","03/01/2017","23/01/2017","","N/A"
"01STATEWA_GRCC","03/01/2017","23/01/2017","","N/A"
"01STATEWA_HCC","30/06/2016","20/07/2016","","N/A"
"01STATEWA_LWIT","21/06/2017","11/07/2017","","N/A"
"01WIN_CCSPOK","20/11/2015","14/12/2015","aio01NA","N/A"
"01WIN_GONZAGA","20/11/2015","14/12/2015","aio06NA","N/A"
"01WIN_HERITAGE","20/11/2015","14/12/2015","aio02NA","N/A"
"01WIN_LCSC","20/11/2015","14/12/2015","aio03NA","N/A"
"01WIN_NIC","20/11/2015","14/12/2015","aio01NA","N/A"
"01WIN_CORBAN","20/11/2015","14/12/2015","aio02NA","N/A"
"01WIN_WHIT","20/11/2015","14/12/2015","aio05NA","N/A"
"01WIN_CCSPOK","03/06/2016","27/06/2016","","N/A"
"01WIN_GONZAGA","03/06/2016","27/06/2016","","N/A"
"01WIN_HERITAGE","03/06/2016","27/06/2016","","N/A"
"01WIN_LCSC","03/06/2016","27/06/2016","","N/A"
"01WIN_NIC","03/06/2016","27/06/2016","","N/A"
"01WIN_CORBAN","03/06/2016","27/06/2016","","N/A"
"01ALLIANCE_WW","03/06/2016","27/06/2016","","N/A"
"01MUN_INST","22/03/2015","01/04/2015","aio02NA","mig01"
"01MUN_INST","27/05/2015","18/06/2015","",""
"01UMO_COLUMB","01/01/2017","16/01/2017","",""
"01UMO_COLUMB","10/05/2017","22/05/2017","",""
"01SSHELCO_BLMSBRG","01/12/2016","22/12/2016","","N/A"
"01SSHELCO_CUP","01/03/2017","23/03/2017","","N/A"
"01SSHELCO_CHEYNEY","01/03/2017","23/03/2017","","N/A"
"01SSHELCO_CLARION","01/03/2017","23/03/2017","","N/A"
"01SSHELCO_ESTROUDS","01/03/2017","23/03/2017","","N/A"
"01SSHELCO_EDINBORO","01/03/2017","23/03/2017","","N/A"
"01SSHELCO_GENEVA","01/03/2017","23/03/2017","","N/A"
"01SSHELCO_HARRISBURG","01/03/2017","23/03/2017","","N/A"
"01SSHELCO_IUP","01/03/2017","23/03/2017","","N/A"
"01SSHELCO_KUTZTOWN","01/03/2017","23/03/2017","","N/A"
"01SSHELCO_LANCHIST","01/03/2017","23/03/2017","","N/A"
"01SSHELCO_LINCOLNU","01/03/2017","23/03/2017","","N/A"
"01SSHELCO_LOCKHAVN","01/03/2017","23/03/2017","","N/A"
"01SSHELCO_MANSFLD","01/03/2017","23/03/2017","","N/A"
"01SSHELCO_MILLRSVL","01/03/2017","23/03/2017","","N/A"
"01SSHELCO_SHIPPENS","01/03/2017","23/03/2017","","N/A"
"01SSHELCO_SLIPROCK","01/03/2017","23/03/2017","","N/A"
"01SSHELCO_BLMSBRG","01/10/2017","28/10/2017","","N/A"
"01SSHELCO_CUP","01/10/2017","28/10/2017","","N/A"
"01SSHELCO_CHEYNEY","01/10/2017","28/10/2017","","N/A"
"01SSHELCO_CLARION","01/10/2017","28/10/2017","","N/A"
"01SSHELCO_ESTROUDS","01/10/2017","28/10/2017","","N/A"
"01SSHELCO_EDINBORO","01/10/2017","28/10/2017","","N/A"
"01SSHELCO_GENEVA","01/10/2017","28/10/2017","","N/A"
"01SSHELCO_HARRISBURG","01/10/2017","28/10/2017","","N/A"
"01SSHELCO_IUP","01/10/2017","28/10/2017","","N/A"
"01SSHELCO_KUTZTOWN","01/10/2017","28/10/2017","","N/A"
"01SSHELCO_LANCHIST","01/10/2017","28/10/2017","","N/A"
"01SSHELCO_LINCOLNU","01/10/2017","28/10/2017","","N/A"
"01SSHELCO_LOCKHAVN","01/10/2017","28/10/2017","","N/A"
"01SSHELCO_MANSFLD","01/10/2017","28/10/2017","","N/A"
"01SSHELCO_MILLRSVL","01/10/2017","28/10/2017","","N/A"
"01SSHELCO_SHIPPENS","01/10/2017","28/10/2017","","N/A"
"01SSHELCO_SLIPROCK","01/10/2017","28/10/2017","","N/A"
"01GALI_BALDWIN","15/09/2016","15/10/2016","","N/A"
"01GALI_ALBANY","15/09/2016","15/10/2016","","N/A"
"01GALI_ARMSTRONG","15/09/2016","15/10/2016","","N/A"
"01GALI_ATLAMETRO","15/09/2016","15/10/2016","","N/A"
"01GALI_BAINBRIDGE","15/09/2016","15/10/2016","","N/A"
"01GALI_CLAYTON","15/09/2016","15/10/2016","","N/A"
"01GALI_COASTLGA","15/09/2016","15/10/2016","","N/A"
"01GALI_COLUMBUS","15/09/2016","15/10/2016","","N/A"
"01GALI_DALTON","15/09/2016","15/10/2016","","N/A"
"01GALI_DARTON","15/09/2016","15/10/2016","","N/A"
"01GALI_EAGEORG","15/09/2016","15/10/2016","","N/A"
"01GALI_FTVALLEY","15/09/2016","15/10/2016","","N/A"
"01GALI_GCSU","15/09/2016","15/10/2016","","N/A"
"01GALI_GWINNETT","15/09/2016","15/10/2016","","N/A"
"01GALI_FLOYD","15/09/2016","15/10/2016","","N/A"
"01GALI_GIT","01/09/2015","13/09/2015","aio01NA","N/A"
"01GALI_GAPERIM","15/09/2016","15/10/2016","","N/A"
"01GALI_GRU","15/09/2016","15/10/2016","","N/A"
"01GALI_GASOUTH","15/09/2016","15/10/2016","","N/A"
"01GALI_GSSU","15/09/2016","15/10/2016","","N/A"
"01GALI_GSU","15/09/2016","15/10/2016","","N/A"
"01GALI_GORDON","15/09/2016","15/10/2016","","N/A"
"01GALI_KENNESAW","15/09/2016","15/10/2016","","N/A"
"01GALI_MGSC","15/09/2016","15/10/2016","","N/A"
"01GALI_SSU","15/09/2016","15/10/2016","","N/A"
"01GALI_SGC","15/09/2016","15/10/2016","","N/A"
"01GALI_SPSU","15/09/2016","15/10/2016","","N/A"
"01GALI_UGA","15/09/2016","15/10/2016","","N/A"
"01GALI_UNG","15/09/2016","15/10/2016","","N/A"
"01GALI_UWG","15/09/2016","15/10/2016","","N/A"
"01GALI_VALDOSTA","15/09/2016","15/10/2016","","N/A"
"01GALI_BALDWIN","01/05/2017","25/05/2017","","N/A"
"01GALI_ALBANY","01/05/2017","25/05/2017","","N/A"
"01GALI_ARMSTRONG","01/05/2017","25/05/2017","","N/A"
"01GALI_ATLAMETRO","01/05/2017","25/05/2017","","N/A"
"01GALI_BAINBRIDGE","01/05/2017","25/05/2017","","N/A"
"01GALI_CLAYTON","01/05/2017","25/05/2017","","N/A"
"01GALI_COASTLGA","01/05/2017","25/05/2017","","N/A"
"01GALI_COLUMBUS","01/05/2017","25/05/2017","","N/A"
"01GALI_DALTON","01/05/2017","25/05/2017","","N/A"
"01GALI_DARTON","01/05/2017","25/05/2017","","N/A"
"01GALI_EAGEORG","01/05/2017","25/05/2017","","N/A"
"01GALI_FTVALLEY","01/05/2017","25/05/2017","","N/A"
"01GALI_GCSU","01/05/2017","25/05/2017","","N/A"
"01GALI_GWINNETT","01/05/2017","25/05/2017","","N/A"
"01GALI_FLOYD","01/05/2017","25/05/2017","","N/A"
"01GALI_GIT","04/12/2015","28/12/2015","","N/A"
"01GALI_GAPERIM","01/05/2017","25/05/2017","","N/A"
"01GALI_GRU","01/05/2017","25/05/2017","","N/A"
"01GALI_GASOUTH","01/05/2017","25/05/2017","","N/A"
"01GALI_GSSU","01/05/2017","25/05/2017","","N/A"
"01GALI_GSU","01/05/2017","25/05/2017","","N/A"
"01GALI_GORDON","01/05/2017","25/05/2017","","N/A"
"01GALI_KENNESAW","01/05/2017","25/05/2017","","N/A"
"01GALI_MGSC","01/05/2017","25/05/2017","","N/A"
"01GALI_SSU","01/05/2017","25/05/2017","","N/A"
"01GALI_SGC","01/05/2017","25/05/2017","","N/A"
"01GALI_SPSU","01/05/2017","25/05/2017","","N/A"
"01GALI_UGA","01/05/2017","25/05/2017","","N/A"
"01GALI_UNG","01/05/2017","25/05/2017","","N/A"
"01GALI_UWG","01/05/2017","25/05/2017","","N/A"
"01GALI_VALDOSTA","01/05/2017","25/05/2017","","N/A"
"01VCCS_NETWORK","03/01/2017","15/01/2017","","N/A"
"01VCCS_1","03/01/2017","15/01/2017","","N/A"
"01VCCS_2","03/01/2017","15/01/2017","","N/A"
"01VCCS_3","03/01/2017","15/01/2017","","N/A"
"01VCCS_4","03/01/2017","15/01/2017","","N/A"
"01VCCS_5","03/01/2017","15/01/2017","","N/A"
"01VCCS_6","03/01/2017","15/01/2017","","N/A"
"01VCCS_7","03/01/2017","15/01/2017","","N/A"
"01VCCS_8","03/01/2017","15/01/2017","","N/A"
"01VCCS_9","03/01/2017","15/01/2017","","N/A"
"01VCCS_10","03/01/2017","15/01/2017","","N/A"
"01VCCS_11","03/01/2017","15/01/2017","","N/A"
"01VCCS_12","03/01/2017","15/01/2017","","N/A"
"01VCCS_13","03/01/2017","15/01/2017","","N/A"
"01VCCS_14","03/01/2017","15/01/2017","","N/A"
"01VCCS_15","03/01/2017","15/01/2017","","N/A"
"01VCCS_16","03/01/2017","15/01/2017","","N/A"
"01VCCS_NETWORK","03/06/2017","16/06/2017","","N/A"
"01VCCS_1","03/06/2017","16/06/2017","","N/A"
"01VCCS_2","03/06/2017","16/06/2017","","N/A"
"01VCCS_3","03/06/2017","16/06/2017","","N/A"
"01VCCS_4","03/06/2017","16/06/2017","","N/A"
"01VCCS_5","03/06/2017","16/06/2017","","N/A"
"01VCCS_6","03/06/2017","16/06/2017","","N/A"
"01VCCS_7","03/06/2017","16/06/2017","","N/A"
"01VCCS_8","03/06/2017","16/06/2017","","N/A"
"01VCCS_9","03/06/2017","16/06/2017","","N/A"
"01VCCS_10","03/06/2017","16/06/2017","","N/A"
"01VCCS_11","03/06/2017","16/06/2017","","N/A"
"01VCCS_12","03/06/2017","16/06/2017","","N/A"
"01VCCS_13","03/06/2017","16/06/2017","","N/A"
"01VCCS_14","03/06/2017","16/06/2017","","N/A"
"01VCCS_15","03/06/2017","16/06/2017","","N/A"
"01VCCS_16","03/06/2017","16/06/2017","","N/A"
"01CALS_NETWORK","20/04/2016","25/05/2016","aio05NA","mig02NA"
"01CALS_UBA","20/04/2016","25/05/2016","aio05NA","mig05NA"
"01CALS_UCI","20/04/2016","25/05/2016","aio07NA","mig06NA"
"01CALS_CHI","20/04/2016","25/05/2016","aio03NA","mig02NA"
"01CALS_UDH","20/04/2016","25/05/2016","aio05NA","mig05NA"
"01CALS_UHL","20/04/2016","25/05/2016","aio07NA","mig06NA"
"01CALS_UFR","20/04/2016","25/05/2016","aio03NA","mig02NA"
"01CALS_FUL","20/04/2016","25/05/2016","aio05NA","mig05NA"
"01CALS_HUL","20/04/2016","25/05/2016","aio07NA","mig06NA"
"01CALS_ULB","20/04/2016","25/05/2016","aio03NA","mig02NA"
"01CALS_ULA","20/04/2016","25/05/2016","aio05NA","mig05NA"
"01CALS_MAL","20/04/2016","25/05/2016","aio07NA","mig06NA"
"01CALS_MLM","20/04/2016","25/05/2016","aio07NA","mig06NA"
"01CALS_UNO","20/04/2016","25/05/2016","aio03NA","mig05NA"
"01CALS_PUP","20/04/2016","25/05/2016","aio05NA","mig06NA"
"01CALS_USB","20/04/2016","25/05/2016","aio07NA","mig02NA"
"01CALS_SDL","20/04/2016","25/05/2016","aio03NA","mig05NA"
"01CALS_SFR","20/04/2016","25/05/2016","aio05NA","mig06NA"
"01CALS_SJO","20/04/2016","25/05/2016","aio07NA","mig02NA"
"01CALS_PSU","20/04/2016","25/05/2016","aio03NA","mig05NA"
"01CALS_SOL","20/04/2016","25/05/2016","aio05NA","mig06NA"
"01CALS_UST","20/04/2016","25/05/2016","aio05NA","mig06NA"
"01CALS_NETWORK","10/03/2017","06/04/2017","",""
"01CALS_UBA","10/03/2017","06/04/2017","",""
"01CALS_UCI","10/03/2017","06/04/2017","",""
"01CALS_CHI","10/03/2017","06/04/2017","",""
"01CALS_UDH","10/03/2017","06/04/2017","",""
"01CALS_UHL","10/03/2017","06/04/2017","",""
"01CALS_UFR","10/03/2017","06/04/2017","",""
"01CALS_FUL","10/03/2017","06/04/2017","",""
"01CALS_HUL","10/03/2017","06/04/2017","",""
"01CALS_ULB","10/03/2017","06/04/2017","",""
"01CALS_ULA","10/03/2017","06/04/2017","",""
"01CALS_MAL","10/03/2017","06/04/2017","",""
"01CALS_MLM","10/03/2017","06/04/2017","",""
"01CALS_UNO","10/03/2017","06/04/2017","",""
"01CALS_PUP","10/03/2017","06/04/2017","",""
"01CALS_USB","10/03/2017","06/04/2017","",""
"01CALS_SDL","10/03/2017","06/04/2017","",""
"01CALS_SFR","10/03/2017","06/04/2017","",""
"01CALS_SJO","10/03/2017","06/04/2017","",""
"01CALS_PSU","10/03/2017","06/04/2017","",""
"01WRLC_NETWORK","24/08/2017","19/09/2017","","N/A"
"01WRLC-AMU","24/08/2017","19/09/2017","","N/A"
"01WRLC-CAA","24/08/2017","19/09/2017","","N/A"
"01WRLC-GAL","24/08/2017","19/09/2017","","N/A"
"01WRLC-GML","24/08/2017","19/09/2017","","N/A"
"01WRLC-MAR","24/08/2017","19/09/2017","","N/A"
"01WRLC-GWA","24/08/2017","19/09/2017","","N/A"
"01WRLC-TRN","24/08/2017","19/09/2017","","N/A"
"01WRLC-DOC","24/08/2017","19/09/2017","","N/A"
"01WRLC_HOW","24/08/2017","19/09/2017","","N/A"
"01WRLC_NETWORK","15/01/2018","08/02/2018","","N/A"
"01WRLC-AMU","15/01/2018","08/02/2018","","N/A"
"01WRLC-CAA","15/01/2018","08/02/2018","","N/A"
"01WRLC-GAL","15/01/2018","08/02/2018","","N/A"
"01WRLC-GML","15/01/2018","08/02/2018","","N/A"
"01WRLC-MAR","15/01/2018","08/02/2018","","N/A"
"01WRLC-GWA","15/01/2018","08/02/2018","","N/A"
"01WRLC-TRN","15/01/2018","08/02/2018","","N/A"
"01WRLC-DOC","15/01/2018","08/02/2018","","N/A"
"01WRLC_HOW","15/01/2018","08/02/2018","","N/A"
"01PULASKI_INST","24/10/2014","29/10/2014","aio02NA","N/A"
"01PULASKI_INST","06/03/2015","16/03/2015","aio02NA","N/A"
"01RC_INST","01/03/2015","15/03/2015","aio12NA","mig05"
"01RC_INST","21/05/2015","01/06/2015","aio12NA","mig05"
"44WHELF_USW","13/04/2015","28/04/2015","aio02EU","mig02EU"
"44WHELF_USW","18/07/2015","29/07/2015","aio02EU","N/A"
"44WHELF_UWTSD","13/10/2015","31/10/2015","aio06EU","mig02EU"
"44WHELF_UWTSD","21/12/2015","08/01/2016","aio12EU","mig05EU"
"44WHELF_BANG","08/04/2016","22/04/2016","aio02EU","mig01EU"
"44WHELF_BANG","12/08/2016","25/08/2016","",""
"44WHELF_GLY","08/04/2016","22/04/2016","aio03EU","mig02EU"
"44WHELF_GLY","12/08/2016","25/08/2016","",""
"44WHELF_CMU","05/10/2015","16/10/2016","aio02EU","mig01EU"
"44WHELF_CMU","02/03/2016","15/03/2016","aio06EU","mig02EU"
"44WHELF_NLW","03/03/2015","27/04/2015","aio05EU","mig01EU"
"44WHELF_NLW","23/10/2015","10/11/2015","aio05EU","mig05EU"
"61SLNSW_INST","16/08/2015","25/08/2015","aio05AP","mig02AP"
"61SLNSW_INST","09/05/2016","25/05/2016","aio05AP","mig01AP"
"82UNIST_INST","12/05/2015","26/05/2015","aio01AP","mig02AP"
"82UNIST_INST","22/06/2015","29/06/2015","aio01AP","N/A"
"82UNIST_INST","05/08/2015","20/08/2015","aio01AP",""
"46KIB_INST","06/01/2015","15/01/2015","aio07EU","mig02EU"
"46KIB_INST","22/04/2015","04/05/2015","aio07EU","mig02EU"
"49WHZ_INST","15/05/2016","29/05/2016","",""
"49WHZ_INST","10/10/2015","31/10/2015","aio07EU","mig01EU"
"01COLSCHL_INST","17/02/2015","01/03/2015","aio02NA","N/A"
"01COLSCHL_INST","20/05/2015","03/06/2015","","N/A"
"01CDC_INST","15/02/2017","26/02/2017","","N/A"
"01CDC_INST","02/05/2017","12/05/2017","","N/A"
"01UCT_LAW","01/09/2015","16/09/2015","aio07NA","mig05"
"01UCT_LAW","12/01/2016","26/01/2016","aio07NA","mig02NA"
"01UCT_HC","26/10/2014","05/11/2014","aio08NA","N/A"
"01UCT_HC","30/06/2015","13/07/2015","aio08NA","N/A"
"01UCT_STORRS","26/10/2014","05/11/2014","aio07NA","N/A"
"01UCT_STORRS","30/06/2015","13/07/2015","aio07NA","N/A"
"01WIN_MAA","03/06/2016","27/06/2016","","N/A"
"01WIN_MULT","03/06/2016","27/06/2016","","N/A"
"01WIN_NWCU","03/06/2016","27/06/2016","","N/A"
"01WIN_MAA","20/11/2015","14/12/2015","aio04NA","N/A"
"01WIN_MULT","20/11/2015","14/12/2015","aio06NA","N/A"
"01WIN_NWCU","20/11/2015","14/12/2015","aio05NA","N/A"
"01WIN_WESTSEM","20/11/2015","14/12/2015","aio04NA","N/A"
"01WIN_WESTSEM","03/06/2016","27/06/2016","","N/A"
"47BIBSYS_AMH","15/05/2015","25/06/2015","aio13EU","mig01EU"
"47BIBSYS_NMH","12/11/2015","26/11/2015","aio13EU",""
"47BIBSYS_KHIB","15/11/2015","27/11/2015","aio04EU",""
"39RM_CABTRE","10/10/2016","21/10/2016","","N/A"
"39RM_CABTRE","15/02/2017","27/02/2017","","N/A"
"01TTU_INST","01/03/2015","27/03/2015","aio05NA","N/A"
"01TTU_INST","13/07/2015","30/07/2015","aio07NA","N/A"
"64VUW_INST","10/02/2015","25/02/2015","aio01AP","N/A"
"64VUW_INST","18/06/2015","29/06/2015","aio01AP","N/A"
"01SEU_INST","21/02/2016","02/03/2016","aio01NA","mig01NA"
"01SEU_INST","01/05/2016","10/05/2016","aio01NA","mig01NA"
"01UWI_NETWORK","01/08/2014","19/08/2014","aio04","N/A"
"01UWI_MAD","01/08/2014","19/08/2014","aio05","N/A"
"01UWI_ML","01/08/2014","18/08/2014","aio05","N/A"
"01UWI_RF","01/08/2014","18/08/2014","aio04","N/A"
"43ACC_NETWORK","01/02/2017","26/02/2017","","N/A"
"43ACC_UBW","01/02/2017","26/02/2017","","N/A"
"43ACC_UBI","01/02/2017","26/02/2017","","N/A"
"43ACC_GDFS","01/02/2017","26/02/2017","","N/A"
"43ACC_VUW","01/02/2017","26/02/2017","","N/A"
"43ACC_TUW","01/02/2017","26/02/2017","","N/A"
"43ACC_WUW","01/02/2017","26/02/2017","","N/A"
"43ACC_NETWORK","26/03/2018","11/04/2018","","N/A"
"43ACC_UBW","10/08/2017","18/08/2017","","N/A"
"43ACC_UBI","10/08/2017","18/08/2017","","N/A"
"43ACC_GDFS","10/08/2017","18/08/2017","","N/A"
"43ACC_VUW","10/08/2017","18/08/2017","","N/A"
"43ACC_TUW","10/08/2017","18/08/2017","","N/A"
"43ACC_WUW","10/08/2017","18/08/2017","","N/A"
"43ACC_ONB","01/08/2017","31/08/2017","",""
"43ACC_UBG","01/08/2017","31/08/2017","","N/A"
"43ACC_UBL","01/08/2017","31/08/2017","","N/A"
"43ACC_UBS","01/08/2017","31/08/2017","","N/A"
"43ACC_VBK_BBWK","01/08/2017","31/08/2017","","N/A"
"43ACC_AKW","01/08/2017","31/08/2017","","N/A"
"43ACC_MUW","01/08/2017","31/08/2017","","N/A"
"43ACC_ONB","02/01/2018","12/01/2018","",""
"43ACC_UBG","02/01/2018","12/01/2018","","N/A"
"43ACC_UBL","02/01/2018","12/01/2018","","N/A"
"43ACC_UBS","02/01/2018","12/01/2018","","N/A"
"43ACC_VBK_BBWK","02/01/2018","12/01/2018","","N/A"
"43ACC_AKW","02/01/2018","12/01/2018","","N/A"
"43ACC_MUW","02/01/2018","12/01/2018","","N/A"
"46KTH_INST","20/04/2015","30/04/2015","",""
"46KTH_INST","18/10/2015","04/11/2015","aio03EU","mig03EU"
"44HULL_INST","15/09/2017","01/10/2017","",""
"44HULL_INST","04/01/2018","15/01/2018","",""
"65SMU_INST","15/03/2015","26/03/2015","",""
"65SMU_INST","30/07/2015","10/08/2015","aio02AP",""
"61QUEENSLAND_HEALTH","27/05/2015","05/06/2015","aio03AP","N/A"
"61QUEENSLAND_HEALTH","01/09/2015","09/09/2015","aio03AP","N/A"
"61SLQ_INST","01/02/2015","19/02/2015","aio02AP","N/A"
"44KLE_INST","01/03/2016","11/03/2016","aio03EU","mig01EU"
"39UBZ_INST","27/02/2015","02/03/2015","aio05EU","mig01EU"
"39UBZ_INST","28/01/2015","08/02/2015","aio05EU","mig01EU"
"39UBZ_INST","27/02/2015","02/03/2015","aio05EU","mig01EU"
"39UBZ_INST","28/01/2015","08/02/2015","aio05EU","mig01EU"
"39UBZ_INST","27/02/2015","02/03/2015","aio05EU","mig01EU"
"39UBZ_INST","28/01/2015","08/02/2015","aio05EU","mig01EU"
"39UBZ_INST","20/01/2017","23/01/2017","",""
"39UBZ_INST","20/02/2017","23/02/2017","",""
"39UBZ_INST","20/01/2017","23/01/2017","",""
"39UBZ_INST","20/02/2017","23/02/2017","",""
"39UBZ_INST","20/01/2017","23/01/2017","",""
"39UBZ_INST","20/02/2017","23/02/2017","",""
"01ETSU_INST","23/02/2015","10/03/2015","aio03NA","mig06"
"01ETSU_INST","26/05/2015","11/06/2015","aio12NA","mig06"
"01LUC_INST","06/03/2015","16/03/2015","aio08NA","N/A"
"01LUC_INST","10/07/2015","22/07/2015","aio08NA","N/A"
"41NOV_INST","05/01/2016","16/01/2016","aio01EU","N/A"
"41NOV_INST","30/04/2016","11/05/2016","aio01EU","N/A"
"44KLE_INST","18/06/2016","30/06/2016","",""
"01OKLA_NORMANLAW","23/11/2014","30/11/2014","aio06NA",""
"01OKLA_TULSAOHS","23/11/2014","30/11/2014","aio05NA",""
"65SUTD_INST","18/12/2014","05/01/2015","aio03AP","N/A"
"01STATEWA_LCC","20/04/2017","08/05/2017","",""
"01STATEWA_OLYC","20/04/2017","08/05/2017","","N/A"
"01STATEWA_PENC","15/09/2016","29/09/2016","","N/A"
"01STATEWA_PIERCE","16/03/2016","05/04/2016","aio05NA","N/A"
"01STATEWA_RTC","15/09/2016","29/09/2016","","N/A"
"01STATEWA_SDCC","20/04/2017","08/05/2017","","N/A"
"01STATEWA_SHORECC","20/04/2017","08/05/2017","","N/A"
"01STATEWA_SKAGVC","20/04/2017","08/05/2017","",""
"01STATEWA_SPSCC","16/03/2016","05/04/2016","aio13NA","mig06NA"
"01STATEWA_TACCC","20/04/2017","08/05/2017","",""
"01STATEWA_WWCC","20/04/2017","08/05/2017","",""
"01STATEWA_WENVC","16/03/2016","05/04/2016","aio09NA","N/A"
"01STATEWA_WHATCC","16/03/2016","05/04/2016","aio05NA","N/A"
"01STATEWA_YAKVCC","20/04/2017","08/05/2017","","N/A"
"01STATEWA_LCC","21/06/2017","11/07/2017","",""
"01STATEWA_OLYC","21/06/2017","11/07/2017","","N/A"
"01STATEWA_PENC","03/01/2017","23/01/2017","","N/A"
"01STATEWA_PIERCE","30/06/2016","20/07/2016","","N/A"
"01STATEWA_RTC","03/01/2017","23/01/2017","","N/A"
"01STATEWA_SDCC","21/06/2017","11/07/2017","","N/A"
"01STATEWA_SHORECC","21/06/2017","11/07/2017","","N/A"
"01STATEWA_SKAGVC","21/06/2017","11/07/2017","",""
"01STATEWA_SPSCC","14/06/2016","29/06/2016","",""
"01STATEWA_TACCC","21/06/2017","11/07/2017","",""
"01STATEWA_WWCC","21/06/2017","11/07/2017","",""
"01STATEWA_WENVC","30/06/2016","20/07/2016","","N/A"
"01STATEWA_WHATCC","30/06/2016","20/07/2016","","N/A"
"01STATEWA_YAKVCC","21/06/2017","11/07/2017","","N/A"
"01PNNL_INST","20/04/2015","21/05/2015","aio03NA","mig01"
"01PNNL_INST","20/07/2015","30/07/2015","aio03NA","mig01"
"01MASTERS_INST","01/04/2015","16/04/2015","aio01NA","N/A"
"01MASTERS_INST","02/07/2015","15/07/2015","aio01NA","N/A"
"64NLNZ_MAIN","18/01/2016","31/01/2016","aio06AP","N/A"
"64NLNZ_MAIN","02/08/2016","15/08/2016","aio06AP","N/A"
"49ECB_INST","01/02/2015","21/02/2015","aio02EU","N/A"
"49ECB_INST","18/05/2015","28/05/2015","","N/A"
"01OKSTATESTILL_OKSTAT","15/06/2015","16/07/2015","aio06NA","N/A"
"01OKSTATESTILL_OKSTAT","21/11/2015","18/12/2015","aio06NA","N/A"
"01OKSTATESTILL_OKTULS","15/06/2015","16/07/2015","aio01NA","N/A"
"01OKSTATESTILL_OKTULS","21/11/2015","18/12/2015","aio01NA","N/A"
"01OKSTATESTILL_OKCOM","15/06/2015","16/07/2015","aio02NA","N/A"
"01OKSTATESTILL_OKCOM","21/11/2015","18/12/2015","aio02NA","N/A"
"01OKSTATESTILL_OKCTY","15/06/2015","16/07/2015","aio03NA","N/A"
"01OKSTATESTILL_OKCTY","21/11/2015","18/12/2015","aio03NA","N/A"
"01OKSTATESTILL_OKMUL","15/06/2015","16/07/2015","aio01NA","N/A"
"01OKSTATESTILL_OKMUL","21/11/2015","18/12/2015","aio01NA","N/A"
"01OKSTATESTILL_OKCONN","15/06/2015","16/07/2015","aio02NA","N/A"
"01OKSTATESTILL_OKCONN","21/11/2015","18/12/2015","aio02NA","N/A"
"01OKSTATESTILL_OKNEAM","15/06/2015","16/07/2015","aio03NA","N/A"
"01OKSTATESTILL_OKNEAM","21/11/2015","18/12/2015","aio03NA","N/A"
"01OKSTATESTILL_OKPAN","15/06/2015","16/07/2015","aio01NA","N/A"
"01OKSTATESTILL_OKPAN","21/11/2015","18/12/2015","aio01NA","N/A"
"01OKSTATESTILL_NOKCOL","15/06/2015","16/07/2015","aio02NA","N/A"
"01OKSTATESTILL_NOKCOL","21/11/2015","18/12/2015","aio02NA","N/A"
"01OKSTATESTILL_PHILLIPS","15/06/2015","16/07/2015","aio03NA","N/A"
"01OKSTATESTILL_PHILLIPS","21/11/2015","18/12/2015","aio03NA","N/A"
"01ARKANSAS_PB","21/02/2016","02/03/2016","aio03NA","N/A"
"01ARKANSAS_PB","01/05/2016","09/05/2016","aio08NA","N/A"
"01IOWA_INST","05/01/2016","20/01/2016","aio12NA",""
"01IOWA_INST","01/07/2016","15/07/2016","",""
"44WHELF_RCMD","04/03/2016","17/03/2016","aio09EU","N/A"
"44WHELF_RCMD","15/07/2016","03/08/2016","",""
"44UOLE_INST","14/11/2015","26/11/2015","aio07EU","mig04EU"
"44UOLE_INST","30/03/2016","11/04/2016","aio11EU","mig04EU"
"01ARKTECH_INST","17/09/2015","25/09/2015","aio04NA","N/A"
"01ARKTECH_INST","07/01/2016","18/01/2016","aio04NA",""
"01WNEWMEX_INST","20/04/2015","29/04/2015","aio07NA",""
"01WNEWMEX_INST","29/07/2015","10/08/2015","aio07NA",""
"01IASU_INST","05/01/2016","20/01/2016","aio06NA",""
"01IASU_INST","01/07/2016","15/07/2016","",""
"01VAN_INST","12/05/2017","28/05/2017","",""
"01VAN_INST","06/12/2017","22/12/2017","",""
"01NRTHIOW_NRTHIOW","05/02/2016","21/02/2016","aio07NA","mig01NA"
"01AL_TUSC","04/09/2016","13/09/2016","",""
"01AL_TUSC","10/11/2016","21/11/2016","",""
"01UHO_INST","09/01/2017","17/01/2017","",""
"01UHO_INST","13/05/2017","25/05/2017","",""
"64NLNZ_INNZ","18/01/2016","31/01/2016","aio05AP",""
"64NLNZ_INNZ","02/08/2016","15/08/2016","",""
"01CRU_INST","05/01/2016","21/01/2016","aio04NA","mig06NA"
"01CRU_INST","01/05/2016","16/05/2016","aio04NA","mig04NA"
"61USC_INST","20/06/2015","11/07/2015","aio06AP","mig02AP"
"61USC_INST","11/11/2015","30/11/2015","",""
"01SAA_UKY","15/09/2015","30/09/2015","aio05NA","N/A"
"01SAA_UKY","24/12/2015","20/01/2016","aio10NA","N/A"
"01CALP_INST","01/07/2015","13/07/2015","aio03NA","mig01"
"01CALP_INST","04/10/2015","21/10/2015","aio03NA","mig04"
"972HAI_MAIN","07/02/2016","18/02/2016","aio05EU","N/A"
"972HAI_MAIN","24/07/2016","04/08/2016","",""
"39USA_NETWORK","15/05/2016","31/05/2016","aio11EU","N/A"
"39USA_NETWORK","06/11/2016","21/11/2016","",""
"39USA_INST","15/05/2016","31/05/2016","aio12EU","N/A"
"39USA_INST","06/11/2016","21/11/2016","",""
"39NAP_INST","15/05/2016","31/05/2016","aio13EU","N/A"
"39NAP_INST","06/11/2016","21/11/2016","",""
"01CUR_INST","15/05/2015","26/05/2015","aio12NA","mig05"
"01CUR_INST","23/07/2015","13/08/2015","aio12NA","mig05"
"01SAA_WESTKY","15/09/2015","30/09/2015","aio11NA","N/A"
"01SAA_WESTKY","24/12/2015","20/01/2016","aio11NA","N/A"
"01SAA_MSU","15/09/2015","30/09/2015","aio01NA","N/A"
"01SAA_MSU","24/12/2015","20/01/2016","aio09NA","N/A"
"01SAA_MOREHEAD","15/09/2015","30/09/2015","aio02NA","N/A"
"01SAA_MOREHEAD","24/12/2015","20/01/2016","aio12NA","N/A"
"01CHATTANOOGA_INST","01/07/2015","11/07/2015","aio06NA","N/A"
"01BRA_INST","25/10/2015","04/11/2015","aio11NA","N/A"
"01CHATTANOOGA_INST","28/08/2015","08/09/2015","aio04NA","N/A"
"01BRA_INST","22/12/2015","11/01/2016","aio11NA","N/A"
"01LAW_INST","01/07/2015","11/07/2015","aio11NA","N/A"
"01SAU_INST","27/05/2016","06/06/2016","aio12NA","N/A"
"01GRANDVIEW_INST","21/02/2016","02/03/2016","aio04NA","N/A"
"01CLEVELANDST_INST","01/07/2015","11/07/2015","aio12NA","N/A"
"01SAU_INST","21/07/2016","01/08/2016","",""
"01GRANDVIEW_INST","01/05/2016","09/05/2016","aio02NA","N/A"
"01CLEVELANDST_INST","28/08/2015","08/09/2015","aio12NA","N/A"
"01PNNL_INST","15/09/2015","28/09/2015","aio03NA","mig01"
"41BCULAUSA_NETWORK","05/01/2016","31/01/2016","aio11EU","mig04EU"
"41BCULAUSA_NETWORK","30/07/2016","22/08/2016","",""
"01NRTHIOW_NRTHIOW","21/05/2016","06/06/2016","aio02NA","mig04NA"
"972HAI_IHP","24/07/2016","04/08/2016","",""
"01USSTATE_INST","04/09/2016","12/09/2016","",""
"01USSTATE_INST","15/01/2017","26/01/2017","",""
"41UNOG_NY","01/09/2016","16/09/2016","",""
"41UNOG_NY","16/11/2016","05/12/2016","",""
"52COLMEX_INST","01/02/2016","14/02/2016","aio07NA","N/A"
"52COLMEX_INST","05/06/2016","19/06/2016","",""
"47BIBSYS_NMH","15/05/2015","25/06/2015","aio13EU","mig04EU"
"47BIBSYS_KHIB","15/05/2015","25/06/2015","aio05EU","mig02EU"
"44UOC_INST","08/10/2015","26/10/2015","aio09EU","mig04EU"
"44UOC_INST","18/12/2015","07/01/2016","aio09EU","mig04EU"
"01BELMONT_INST","21/02/2016","02/03/2016","aio09NA","N/A"
"01BELMONT_INST","01/05/2016","09/05/2016","aio09NA","N/A"
"01DRU_INST","05/02/2016","21/02/2016","aio05NA","mig05NA"
"01DRU_INST","13/05/2016","25/05/2016","aio01NA","mig01NA"
"972TAU_INST","23/04/2017","14/05/2017","",""
"972TAU_INST","31/08/2017","14/09/2017","",""
"972ICC_EMY","21/12/2016","02/01/2017","",""
"972ICC_EMY","15/02/2017","28/02/2017","",""
"972HUJI_INST","22/01/2017","09/02/2017","",""
"972HUJI_INST","11/06/2017","25/06/2017","",""
"01LAW_INST","28/08/2015","08/09/2015","aio11NA","N/A"
"01CSCU_NETWORK","01/08/2016","14/08/2016","",""
"01CSCU_CSL","01/08/2016","14/08/2016","",""
"01TNTECH_INST","21/03/2016","05/04/2016","aio04NA","mig01NA"
"01TNTECH_INST","28/06/2016","10/07/2016","",""
"01WIL_INST","01/03/2016","10/03/2016","aio10NA","mig02NA"
"01WIL_INST","23/06/2016","06/07/2016","",""
"972ICC_ORA","21/12/2016","02/01/2017","",""
"972ICC_ORA","15/02/2017","28/02/2017","",""
"972ICC_IDC","21/12/2016","02/01/2017","",""
"972ICC_IDC","15/02/2017","28/02/2017","",""
"82KC_P_INST","15/08/2016","25/08/2016","aio01AP","mig02AP"
"82KC_P_INST","14/02/2017","27/02/2017","",""
"61QUT_INST","28/04/2017","07/05/2017","",""
"61QUT_INST","05/11/2017","16/11/2017","",""
"01NRTHIOW_ACOLLEGEA","05/02/2016","21/02/2016","aio09NA","mig02NA"
"01NRTHIOW_ACOLLEGEA","21/05/2016","06/06/2016","aio09NA","mig01NA"
"01NRTHIOW_WCLIB","05/02/2016","21/02/2016","aio11NA","mig04NA"
"01NRTHIOW_WCLIB","21/05/2016","06/06/2016","aio11NA","mig04NA"
"01NRTHIOW_HCCL","05/02/2016","21/02/2016","aio12NA","mig06NA"
"01NRTHIOW_HCCL","21/05/2016","06/06/2016","aio12NA","mig06NA"
"01SAUNI_INST","05/01/2016","26/01/2016","aio03NA","mig05NA"
"01SAUNI_INST","01/03/2016","21/03/2016","aio02NA","mig04NA"
"01SAUNI_INST","21/05/2016","06/06/2016","aio04NA","mig02NA"
"44STRATH_INST","15/02/2016","26/02/2016","aio01EU","N/A"
"44STRATH_INST","15/05/2016","26/05/2016","aio06EU","N/A"
"01GALI_NETWORK","20/02/2016","26/03/2016","aio06NA","mig05NA"
"01GALI_UGA","20/02/2016","26/03/2016","aio08NA","N/A"
"972ICC_SHK","21/12/2016","02/01/2017","",""
"972ICC_SHK","15/02/2017","28/02/2017","",""
"34UPV_INST","05/02/2017","21/02/2017","",""
"34UPV_INST","05/05/2017","18/05/2017","",""
"61UNE_INST","17/10/2015","04/11/2015","aio06AP","mig02AP"
"61UNE_INST","25/01/2016","09/02/2016","aio06AP","mig02AP"
"44WHELF_NLW","03/05/2015","20/05/2015","aio05EU","mig01EU"
"01BRC_INST","10/01/2016","01/02/2016","aio09NA","mig01"
"01BRC_INST","05/06/2016","20/06/2016","",""
"41ILO_INST","25/01/2016","10/02/2016","aio02EU","N/A"
"41ILO_INST","15/06/2016","27/06/2016","",""
"49GBV_UOB","25/10/2016","30/11/2016","",""
"49GBV_LBO","25/10/2016","30/11/2016","",""
"49GBV_UOB","14/03/2017","05/04/2017","",""
"49GBV_LBO","14/03/2017","05/04/2017","",""
"56UAI_INST","15/07/2015","31/07/2015","aio02NA","mig04"
"56UAI_INST","31/12/2015","18/01/2016","",""
"01TIMF_INST","14/01/2016","25/01/2016","aio08NA","mig05NA"
"01TIMF_INST","01/05/2016","13/05/2016","aio08NA","mig02NA"
"01PALMBCH_INST","21/02/2016","02/03/2016","aio12NA","N/A"
"01PALMBCH_INST","01/05/2016","09/05/2016","aio12NA","N/A"
"44CAM_INST","25/02/2017","19/03/2017","",""
"44CAM_INST","19/07/2017","10/08/2017","",""
"44BAT_INST","10/01/2016","31/01/2016","aio04EU","mig03EU"
"44BAT_INST","01/05/2016","16/05/2016","aio05EU","mig03EU"
"44DUN_INST","15/01/2016","25/01/2016","aio05EU","N/A"
"44DUN_INST","05/06/2016","16/06/2016","",""
"01SENC_INST","15/11/2016","26/11/2016","",""
"01SENC_INST","05/04/2017","15/04/2017","",""
"01SFUL_INST","11/01/2017","20/01/2017","",""
"01TUL_INST","11/09/2016","20/09/2016","",""
"01UOML_INST","30/10/2015","19/11/2015","aio13NA","mig04"
"01UOMI_INST","05/03/2017","21/03/2017","",""
"01UNLV_INST","01/11/2016","23/11/2016","",""
"01SFUL_INST","09/05/2017","19/05/2017","",""
"01TUL_INST","26/01/2017","08/02/2017","",""
"01UOML_INST","02/05/2016","17/05/2016","aio13NA","mig06NA"
"01UOMI_INST","05/08/2017","17/08/2017","",""
"01UNLV_INST","01/03/2017","15/03/2017","",""
"46MH_INST","20/05/2016","31/05/2016","aio07EU","mig02EU"
"46MH_INST","15/09/2016","29/09/2016","",""
"01ALABAMA_INST","25/10/2015","04/11/2015","aio08NA","N/A"
"01ALABAMA_INST","22/12/2015","11/01/2016","aio08NA","N/A"
"44WHELF_NLW","12/07/2015","21/07/2015","aio05EU","mig05EU"
"972CMT_INST","17/07/2016","26/07/2016","",""
"972CMT_INST","20/11/2016","30/11/2016","",""
"972AI_INST","26/01/2016","11/02/2016","aio08EU","mig01EU"
"972AI_INST","01/05/2016","10/05/2016","aio08EU","mig05EU"
"01CALS_SOL","10/03/2017","06/04/2017","",""
"01CALS_UST","10/03/2017","06/04/2017","",""
"01CALS_UMB","20/04/2016","25/05/2016","aio07NA","mig05NA"
"01CALS_UMB","10/03/2017","06/04/2017","",""
"","03/05/2017","29/05/2017","","mig01"
"01CALS_UFR","15/12/2015","20/01/2016","aio03NA","mig06NA"
"01CALS_UNO","15/12/2015","20/01/2016","aio01NA","mig01NA"
"01CALS_SJO","15/12/2015","20/01/2016","aio02NA","mig04NA"
"01DAL_ADAM","10/04/2016","05/05/2016","aio10NA","mig01NA"
"01DAL_ADAM","06/07/2016","27/07/2016","",""
"44SHL_INST","01/06/2016","16/06/2016","",""
"44SHL_INST","04/09/2016","15/09/2016","",""
"61SLNSW_INFOQUICK","09/05/2016","25/05/2016","aio05AP","mig01AP"
"61SLNSW_INFOKOORI","09/05/2016","25/05/2016","aio05AP","mig01AP"
"49KOBV_HUB","10/05/2016","05/06/2016","aio01EU","N/A"
"49KOBV_FUB","15/05/2016","05/06/2016","aio02EU","N/A"
"49KOBV_TUBUDK","10/05/2016","05/06/2016","aio04EU","N/A"
"46RKB_INST","01/03/2016","16/03/2016","aio05EU","N/A"
"46RKB_INST","15/05/2016","26/05/2016","aio05EU","N/A"
"44WHELF_UWTSD","14/02/2016","01/03/2016","aio12EU","mig05EU"
"43ACC_NETWORK","10/10/2017","31/10/2017","",""
"01UODE_INST","15/02/2016","01/03/2016","aio02NA","mig02NA"
"01UODE_INST","05/06/2016","20/06/2016","",""
"44UAD_INST","07/03/2016","20/03/2016","aio10EU","N/A"
"44UAD_INST","19/06/2016","29/06/2016","",""
"44HWA_INST","07/03/2016","20/03/2016","aio11EU","N/A"
"44HWA_INST","19/06/2016","29/06/2016","",""
"852JULAC_NETWORK","01/09/2016","29/09/2016","",""
"852JULAC_CUHK","01/09/2016","29/09/2016","",""
"852JULAC_CUH","01/09/2016","29/09/2016","",""
"852JULAC_HKBU","01/09/2016","29/09/2016","",""
"852JULAC_HKIE","01/09/2016","29/09/2016","",""
"852JULAC_HKPU","01/09/2016","29/09/2016","",""
"852JULAC_HKUST","01/09/2016","29/09/2016","",""
"852JULAC_LUN","01/09/2016","29/09/2016","",""
"852JULAC_HKU","01/09/2016","29/09/2016","",""
"852JULAC_NETWORK","03/05/2017","29/05/2017","",""
"852JULAC_CUHK","03/05/2017","29/05/2017","",""
"852JULAC_CUH","03/05/2017","29/05/2017","",""
"852JULAC_HKBU","03/05/2017","29/05/2017","",""
"852JULAC_HKIE","03/05/2017","29/05/2017","",""
"852JULAC_HKPU","03/05/2017","29/05/2017","",""
"852JULAC_HKUST","03/05/2017","29/05/2017","",""
"852JULAC_LUN","03/05/2017","29/05/2017","",""
"852JULAC_HKU","03/05/2017","29/05/2017","",""
"01CSCU_CCSU","01/08/2016","14/08/2016","",""
"01HVD_INST","05/09/2016","27/09/2016","",""
"01HVD_INST","01/07/2017","20/07/2017","",""
"61ACU_INST","20/11/2016","22/11/2016","",""
"61ACU_INST","01/09/2016","07/09/2016","",""
"01CALS_MLM","20/07/2016","15/08/2016","",""
"01GALI_VALDOSTA","20/02/2016","26/03/2016","aio11NA","N/A"
"01GALI_GASOUTH","20/02/2016","26/03/2016","aio07NA","N/A"
"01AL_UALB","04/09/2016","13/09/2016","",""
"01AL_UALB","10/11/2016","21/11/2016","",""
"01RICE_INST","01/11/2016","23/11/2016","",""
"01RICE_INST","01/03/2017","15/03/2017","",""
"01MTROYAL_INST","01/03/2018","09/03/2018","aio05NA","N/A"
"01MTROYAL_INST","01/05/2018","09/05/2018","",""
"01COLSU_CBC_UOCHSC","01/07/2016","13/07/2016","",""
"01COLSU_CBC_UOCHSC","01/09/2016","13/09/2016","",""
"41BCULAUSA_INST","05/01/2016","31/01/2016","",""
"41BCULAUSA_INST","05/01/2016","31/01/2016","",""
"41BCULAUSA_INST","05/01/2016","31/01/2016","",""
"41BCULAUSA_INST","05/01/2016","31/01/2016","",""
"41BCULAUSA_INST","05/01/2016","31/01/2016","",""
"41BCULAUSA_INST","05/01/2016","31/01/2016","",""
"41BCULAUSA_INST","05/01/2016","31/01/2016","",""
"41BCULAUSA_INST","05/01/2016","31/01/2016","",""
"41BCULAUSA_INST","05/01/2016","31/01/2016","",""
"41BCULAUSA_INST","05/01/2016","31/01/2016","",""
"41BCULAUSA_INST","05/01/2016","31/01/2016","",""
"41BCULAUSA_INST","05/01/2016","31/01/2016","",""
"41BCULAUSA_INST","05/01/2016","31/01/2016","",""
"41BCULAUSA_INST","05/01/2016","31/01/2016","",""
"41BCULAUSA_INST","05/01/2016","31/01/2016","",""
"41BCULAUSA_INST","05/01/2016","31/01/2016","",""
"41BCULAUSA_INST","05/01/2016","31/01/2016","",""
"41BCULAUSA_INST","05/01/2016","31/01/2016","",""
"41BCULAUSA_INST","05/01/2016","31/01/2016","",""
"41BCULAUSA_INST","05/01/2016","31/01/2016","",""
"41BCULAUSA_INST","05/01/2016","31/01/2016","",""
"41BCULAUSA_INST","05/01/2016","31/01/2016","",""
"41BCULAUSA_INST","05/01/2016","31/01/2016","",""
"41BCULAUSA_INST","05/01/2016","31/01/2016","",""
"41BCULAUSA_INST","05/01/2016","31/01/2016","",""
"41BCULAUSA_INST","05/01/2016","31/01/2016","",""
"41BCULAUSA_INST","05/01/2016","31/01/2016","",""
"41BCULAUSA_INST","05/01/2016","31/01/2016","",""
"41BCULAUSA_INST","30/07/2016","22/08/2016","",""
"41BCULAUSA_INST","30/07/2016","22/08/2016","",""
"41BCULAUSA_INST","30/07/2016","22/08/2016","",""
"41BCULAUSA_INST","30/07/2016","22/08/2016","",""
"41BCULAUSA_INST","30/07/2016","22/08/2016","",""
"41BCULAUSA_INST","30/07/2016","22/08/2016","",""
"41BCULAUSA_INST","30/07/2016","22/08/2016","",""
"41BCULAUSA_INST","30/07/2016","22/08/2016","",""
"41BCULAUSA_INST","30/07/2016","22/08/2016","",""
"41BCULAUSA_INST","30/07/2016","22/08/2016","",""
"41BCULAUSA_INST","30/07/2016","22/08/2016","",""
"41BCULAUSA_INST","30/07/2016","22/08/2016","",""
"41BCULAUSA_INST","30/07/2016","22/08/2016","",""
"41BCULAUSA_INST","30/07/2016","22/08/2016","",""
"61UC_INST","09/10/2016","27/10/2016","",""
"61UC_INST","15/02/2017","27/02/2017","",""
"44UON_INST","05/04/2016","21/04/2016","aio01EU","mig03EU"
"44UON_INST","02/08/2016","15/08/2016","",""
"44WST_INST","05/02/2017","16/02/2017","",""
"44WST_INST","01/06/2017","13/06/2017","",""
"44NHSS_INST","03/11/2016","17/11/2016","",""
"44NHSS_INST","14/03/2017","27/03/2017","",""
"01USM_INST","05/09/2016","21/09/2016","",""
"01USM_INST","05/01/2017","17/01/2017","",""
"41BCULAUSA_LIB","05/01/2016","31/01/2016","aio07EU","mig01EU"
"41BCULAUSA_LIB","30/07/2016","22/08/2016","",""
"41BCULAUSA_SCHOOL","05/01/2016","31/01/2016","aio08EU","mig03EU"
"41BCULAUSA_SCHOOL","30/07/2016","22/08/2016","",""
"46UMEA_INST","01/11/2016","12/11/2016","",""
"46UMEA_INST","26/02/2017","08/03/2017","",""
"44CAM_INST","01/01/2017","24/01/2017","",""
"61UNI_ASM","08/11/2015","22/02/2016","",""
"972WIS_INST","15/11/2016","27/11/2016","",""
"972WIS_INST","08/02/2017","19/02/2017","",""
"01ODU_INST","10/03/2016","26/03/2016","aio03NA","mig01NA"
"01ODU_INST","14/06/2016","01/07/2016","",""
"86CUHKSZ_INST","01/02/2016","18/02/2016","aio01AP","N/A"
"86CUHKSZ_INST","04/07/2016","12/07/2016","",""
"01ABV_INST","27/05/2016","06/06/2016","",""
"01ABV_INST","21/07/2016","01/08/2016","",""
"39SBART_SBS_MAIN","28/08/2016","29/09/2016","",""
"39SBART_SBS_MAIN","05/03/2017","30/03/2017","",""
"39SBART_UPI","28/08/2016","29/09/2016","",""
"39SBART_UPI","05/03/2017","30/03/2017","",""
"39SBART_UFI","28/08/2016","29/09/2016","",""
"39SBART_UFI","05/03/2017","30/03/2017","",""
"49GBV_UOB","02/01/2017","31/01/2017","",""
"49GBV_LBO","02/01/2017","31/01/2017","",""
"39SBART_SBS_REDO","28/08/2016","29/09/2016","",""
"39SBART_SBS_REDO","05/03/2017","30/03/2017","",""
"39SBART_SBS_FOR","28/08/2016","29/09/2016","",""
"39SBART_SBS_FOR","05/03/2017","30/03/2017","",""
"01COWM_INST","05/05/2016","26/05/2016","aio06NA","mig05NA"
"01COWM_INST","06/07/2016","25/07/2016","",""
"01CASLS_CAMP","01/11/2016","16/11/2016","",""
"01CASLS_CAMP","01/04/2017","20/04/2017","",""
"01CASLS_FNUC","01/11/2016","16/11/2016","",""
"01CASLS_FNUC","01/04/2017","20/04/2017","",""
"01CASLS_SASKP","01/11/2016","16/11/2016","",""
"01CASLS_SASKP","01/04/2017","20/04/2017","",""
"01CASLS_RCMP","01/11/2016","16/11/2016","",""
"01CASLS_RCMP","01/04/2017","20/04/2017","",""
"01CASLS_SIFCL","01/11/2016","16/11/2016","",""
"01CASLS_SIFCL","01/04/2017","20/04/2017","",""
"01CASLS_SLL","01/11/2016","16/11/2016","",""
"01CASLS_SLL","01/04/2017","20/04/2017","",""
"01UCD_INST","09/03/2016","03/04/2016","aio01NA","N/A"
"01UCD_INST","01/08/2016","18/08/2016","",""
"61UNI_RGI","15/12/2015","08/05/2016","","N/A"
"01SENC_TEACH","05/04/2017","15/04/2017","",""
"01SMU_INST","01/02/2017","11/02/2017","",""
"01SMU_INST","01/06/2017","15/06/2017","",""
"","03/05/2017","29/05/2017","",""
"01NREL_INST","27/05/2016","06/06/2016","",""
"01NREL_INST","21/07/2016","01/08/2016","",""
"","03/05/2017","29/05/2017","",""
"","03/05/2017","29/05/2017","",""
"","03/05/2017","29/05/2017","",""
"","03/05/2017","29/05/2017","",""
"","03/05/2017","29/05/2017","",""
"","03/05/2017","29/05/2017","",""
"","03/05/2017","29/05/2017","",""
"","03/05/2017","29/05/2017","",""
"","03/05/2017","29/05/2017","",""
"","03/05/2017","29/05/2017","",""
"","03/05/2017","29/05/2017","",""
"","03/05/2017","29/05/2017","",""
"","03/05/2017","29/05/2017","",""
"","03/05/2017","29/05/2017","",""
"","03/05/2017","29/05/2017","",""
"","03/05/2017","29/05/2017","",""
"","03/05/2017","29/05/2017","",""
"","03/05/2017","29/05/2017","",""
"","03/05/2017","29/05/2017","",""
"","03/09/2017","28/09/2017","",""
"","03/09/2017","28/09/2017","",""
"","03/09/2017","28/09/2017","",""
"","03/09/2017","28/09/2017","",""
"","03/09/2017","28/09/2017","",""
"","03/09/2017","28/09/2017","",""
"","03/09/2017","28/09/2017","",""
"","03/09/2017","28/09/2017","",""
"","03/09/2017","28/09/2017","",""
"","03/09/2017","28/09/2017","",""
"","03/09/2017","28/09/2017","",""
"","03/09/2017","28/09/2017","",""
"","03/09/2017","28/09/2017","",""
"","03/09/2017","28/09/2017","",""
"","03/09/2017","28/09/2017","",""
"","03/09/2017","28/09/2017","",""
"","03/09/2017","28/09/2017","",""
"","03/09/2017","28/09/2017","",""
"","03/09/2017","28/09/2017","",""
"","03/09/2017","28/09/2017","",""
"","03/09/2017","28/09/2017","",""
"01DAL_AANM","10/04/2016","05/05/2016","aio11NA","mig04NA"
"01DAL_CU","10/04/2016","05/05/2016","aio10NA","mig01NA"
"01DAL_DIA","10/04/2016","05/05/2016","aio11NA","mig04NA"
"01DAL_DMC","10/04/2016","05/05/2016","aio10NA","mig01NA"
"01DAL_HENRYFORD","10/04/2016","05/05/2016","aio11NA","mig04NA"
"01DAL_MCC","10/04/2016","05/05/2016","aio10NA","mig01NA"
"01DAL_MARYGROVE","10/04/2016","05/05/2016","aio11NA","mig04NA"
"01DAL_MCLAREN","10/04/2016","05/05/2016","aio10NA","mig01NA"
"01DAL_OCC","10/04/2016","05/05/2016","aio11NA","mig04NA"
"01DAL_OCL","10/04/2016","05/05/2016","aio10NA","mig01NA"
"01DAL_ROCHESTER","10/04/2016","05/05/2016","aio11NA","mig04NA"
"01DAL_SHU","10/04/2016","05/05/2016","aio10NA","mig01NA"
"01DAL_UDM","10/04/2016","05/05/2016","aio11NA","mig04NA"
"01DAL_WC","10/04/2016","05/05/2016","aio10NA","mig01NA"
"01DAL_WCCCD","10/04/2016","05/05/2016","aio11NA","mig04NA"
"01DAL_AANM","06/07/2016","27/07/2016","",""
"01DAL_CU","06/07/2016","27/07/2016","",""
"01DAL_DIA","06/07/2016","27/07/2016","",""
"01DAL_DMC","06/07/2016","27/07/2016","",""
"01DAL_HENRYFORD","06/07/2016","27/07/2016","",""
"01DAL_MCC","06/07/2016","27/07/2016","",""
"01DAL_MARYGROVE","06/07/2016","27/07/2016","",""
"01DAL_MCLAREN","06/07/2016","27/07/2016","",""
"01DAL_OCC","06/07/2016","27/07/2016","",""
"01DAL_OCL","06/07/2016","27/07/2016","",""
"01DAL_ROCHESTER","06/07/2016","27/07/2016","",""
"01DAL_SHU","06/07/2016","27/07/2016","",""
"01DAL_UDM","06/07/2016","27/07/2016","",""
"01DAL_WC","06/07/2016","27/07/2016","",""
"01DAL_WCCCD","06/07/2016","27/07/2016","",""
"01BRC_2","05/06/2016","20/06/2016","",""
"01UMN_INST",,"26/12/2013","",""
"01UMN_INST",,"26/12/2013","",""
"01UMN_INST",,"26/12/2013","",""
"01CCOC_INST",,"19/08/2014","",""
"01CCOC_INST",,"19/08/2014","",""
"01CCOC_INST",,"19/08/2014","",""
"01CCOC_INST",,"19/08/2014","",""
"01CCOC_INST",,"19/08/2014","",""
"01CCOC_INST",,"19/08/2014","",""
"01CCOC_INST",,"19/08/2014","",""
"61UNSW_INST",,"04/11/2013","",""
"01ETSU_INST",,"11/06/2015","",""
"01SSHELCO_STLIBPA","01/03/2017","23/03/2017","",""
"01SSHELCO_STLIBPA","01/10/2017","28/10/2017","",""
"01SSHELCO_WCHESTER","01/03/2017","23/03/2017","",""
"01SSHELCO_WCHESTER","01/10/2017","28/10/2017","",""
"","03/09/2017","28/09/2017","",""
"","03/12/2017","25/12/2017","",""
"","03/12/2017","25/12/2017","",""
"","03/12/2017","25/12/2017","",""
"","03/12/2017","25/12/2017","",""
"","03/12/2017","25/12/2017","",""
"","03/12/2017","25/12/2017","",""
"","03/12/2017","25/12/2017","",""
"","03/12/2017","25/12/2017","",""
"","03/12/2017","25/12/2017","",""
"","03/12/2017","25/12/2017","",""
"","03/12/2017","25/12/2017","",""
"","03/12/2017","25/12/2017","",""
"","03/12/2017","25/12/2017","",""
"","03/12/2017","25/12/2017","",""
"","03/12/2017","25/12/2017","",""
"","03/12/2017","25/12/2017","",""
"","03/12/2017","25/12/2017","",""
"","03/12/2017","25/12/2017","",""
"","03/12/2017","25/12/2017","",""
"","03/12/2017","25/12/2017","",""
"","03/12/2017","25/12/2017","",""
"","03/12/2017","25/12/2017","",""
"972ICC_GCL","21/12/2016","02/01/2017","",""
"972ICC_GCL","15/02/2017","28/02/2017","",""
"","01/05/2016","09/05/2016","",""
"","01/05/2016","09/05/2016","",""
"","01/06/2016","09/06/2016","",""
"","21/07/2016","01/08/2016","",""
"01UMW_INST","27/05/2016","06/06/2016","",""
"01UMW_INST","21/07/2016","01/08/2016","",""
"","01/06/2016","09/06/2016","",""
"","21/07/2016","01/08/2016","",""
"01WINGATE_INST","04/09/2016","12/09/2016","",""
"01WINGATE_INST","25/10/2016","06/11/2016","",""
"","04/09/2016","12/09/2016","",""
"","25/10/2016","06/11/2016","",""
"","04/09/2016","12/09/2016","",""
"","25/10/2016","06/11/2016","",""
"","04/09/2016","12/09/2016","",""
"","25/10/2016","06/11/2016","",""
"","04/09/2016","12/09/2016","",""
"","25/10/2016","06/11/2016","",""
"","04/09/2016","12/09/2016","",""
"","25/10/2016","06/11/2016","",""
"","04/09/2016","12/09/2016","",""
"","25/10/2016","06/11/2016","",""
"","04/09/2016","12/09/2016","",""
"","25/10/2016","06/11/2016","",""
"01CALS_USL","10/03/2017","06/04/2017","",""
"01CALS_USM","10/03/2017","06/04/2017","",""
"01CALS_NETWORK","15/12/2015","20/01/2016","aio05NA",""
"","14/11/2016","24/11/2016","",""
"","14/11/2016","24/11/2016","",""
"","14/11/2016","24/11/2016","",""
"","14/11/2016","24/11/2016","",""
"","14/11/2016","24/11/2016","",""
"","14/11/2016","24/11/2016","",""
"","14/11/2016","24/11/2016","",""
"","14/11/2016","24/11/2016","",""
"","25/01/2017","06/02/2017","",""
"","25/01/2017","06/02/2017","",""
"","25/01/2017","06/02/2017","",""
"","25/01/2017","06/02/2017","",""
"","25/01/2017","06/02/2017","",""
"","25/01/2017","06/02/2017","",""
"","25/01/2017","06/02/2017","",""
"","25/01/2017","06/02/2017","",""
"972HAI_IHP","07/02/2016","18/02/2016","aio04EU","N/A"
"","06/11/2016","30/11/2016","",""
"","06/11/2016","30/11/2016","",""
"","06/11/2016","30/11/2016","",""
"","18/04/2017","08/05/2017","",""
"","18/04/2017","08/05/2017","",""
"","18/04/2017","08/05/2017","",""
"34DEUSTO_INST","04/07/2016","19/07/2016","",""
"34DEUSTO_INST","05/09/2016","20/09/2016","",""
"34DEUSTO_INST","16/11/2016","29/11/2016","",""
"27US_INST","11/09/2016","19/09/2016","",""
"27US_INST","08/01/2017","18/01/2017","",""
"972TEC_INST","18/06/2017","28/06/2017","",""
"972TEC_INST","30/11/2017","13/12/2017","",""
"","30/04/2017","15/05/2017","",""
"","30/04/2017","15/05/2017","",""
"","30/04/2017","15/05/2017","",""
"","30/04/2017","15/05/2017","",""
"","30/04/2017","15/05/2017","",""
"","30/04/2017","15/05/2017","",""
"","30/04/2017","15/05/2017","",""
"","30/04/2017","15/05/2017","",""
"","19/07/2017","30/07/2017","",""
"","19/07/2017","30/07/2017","",""
"","19/07/2017","30/07/2017","",""
"","19/07/2017","30/07/2017","",""
"","19/07/2017","30/07/2017","",""
"","19/07/2017","30/07/2017","",""
"","19/07/2017","30/07/2017","",""
"","19/07/2017","30/07/2017","",""
"972RCO_INST","27/11/2016","15/12/2016","",""
"44RVC_INST","18/04/2017","26/04/2017","",""
"44RVC_INST","03/07/2017","13/07/2017","",""
"01COLSU_INST","10/07/2016","25/07/2016","",""
"01COLSU_INST","08/12/2016","22/12/2016","",""
"46LIBRIS-ALB_INST","02/01/2017","17/01/2017","",""
"61UNI_TOP","14/02/2016","02/03/2016","","N/A"
"46LIBRIS-ALB_INST","14/03/2017","27/03/2017","",""
"972RCO_INST","14/03/2017","26/03/2017","",""
"49CBDZ_NETWORK","25/02/2016","06/03/2016","","N/A"
"972RCO_INST","22/01/2017","07/02/2017","",""
"61CQU_INST","14/09/2016","29/09/2016","",""
"61CQU_INST","15/02/2017","27/02/2017","",""
"01CTW_CC","01/12/2016","22/12/2016","",""
"01CTW_TC","01/12/2016","22/12/2016","",""
"01CTW_WU","01/12/2016","22/12/2016","",""
"01CTW_CC","03/05/2017","22/05/2017","",""
"01CTW_TC","03/05/2017","22/05/2017","",""
"01CTW_WU","03/05/2017","22/05/2017","",""
"65NYP_INST","04/09/2016","29/09/2016","",""
"65NYP_INST","12/02/2017","23/02/2017","",""
"01ALLIANCE_WW","16/03/2016","31/03/2016","aio06NA","N/A"
"61CDU_INST","11/09/2016","29/09/2016","",""
"61CDU_INST","05/01/2017","23/01/2017","",""
"27CTK_INST","04/06/2017","15/06/2017","",""
"27CTK_INST","03/09/2017","13/09/2017","",""
"01CSCU_ECSU","01/08/2016","14/08/2016","",""
"01CSCU_SCSU","01/08/2016","14/08/2016","",""
"01CSCU_WCSU","01/08/2016","14/08/2016","",""
"01CSCU_ACC","01/08/2016","14/08/2016","",""
"01CSCU_CCC","01/08/2016","14/08/2016","",""
"01CSCU_GCC","01/08/2016","14/08/2016","",""
"01CSCU_HCC","01/08/2016","14/08/2016","",""
"01CSCU_MANCC","01/08/2016","14/08/2016","",""
"01CSCU_MIDCC","01/08/2016","14/08/2016","",""
"01CSCU_NAUGCC","01/08/2016","14/08/2016","",""
"01CSCU_NWCTCC","01/08/2016","14/08/2016","",""
"01CSCU_NORCC","01/08/2016","14/08/2016","",""
"01CSCU_QCC","01/08/2016","14/08/2016","",""
"01CSCU_TRCC","01/08/2016","14/08/2016","",""
"01CSCU_TUNXCC","01/08/2016","14/08/2016","",""
"01CSCU_CHARTOAK","01/08/2016","14/08/2016","",""
"01CSCU_NETWORK","21/12/2016","09/01/2017","",""
"01CSCU_CSL","21/12/2016","09/01/2017","",""
"01CSCU_CCSU","21/12/2016","09/01/2017","",""
"01CSCU_ECSU","21/12/2016","09/01/2017","",""
"01CSCU_SCSU","21/12/2016","09/01/2017","",""
"01CSCU_WCSU","21/12/2016","09/01/2017","",""
"01CSCU_ACC","21/12/2016","09/01/2017","",""
"01CSCU_CCC","21/12/2016","09/01/2017","",""
"01CSCU_GCC","21/12/2016","09/01/2017","",""
"01CSCU_HCC","21/12/2016","09/01/2017","",""
"01CSCU_MANCC","21/12/2016","09/01/2017","",""
"01CSCU_MIDCC","21/12/2016","09/01/2017","",""
"01CSCU_NAUGCC","21/12/2016","09/01/2017","",""
"01CSCU_NWCTCC","21/12/2016","09/01/2017","",""
"01CSCU_NORCC","21/12/2016","09/01/2017","",""
"01CSCU_QCC","21/12/2016","09/01/2017","",""
"01CSCU_TRCC","21/12/2016","09/01/2017","",""
"01CSCU_TUNXCC","21/12/2016","09/01/2017","",""
"01CSCU_CHARTOAK","21/12/2016","09/01/2017","",""
"01TNTECH_INST","28/06/2016","10/07/2016","",""
"01TNTECH_INST","28/06/2016","10/07/2016","",""
"01TNTECH_INST","28/06/2016","10/07/2016","",""
"01TNTECH_INST","28/06/2016","10/07/2016","",""
"49KOBV_BIBFUB","01/04/2016","11/04/2016","","N/A"
"49KOBV_BIBFUB","08/09/2016","23/09/2016","","N/A"
"46UKALMAR_INST","08/12/2016","22/12/2016","",""
"46UKALMAR_INST","20/03/2017","30/03/2017","",""
"46BORAS_INST","08/12/2016","22/12/2016","",""
"46BORAS_INST","20/03/2017","30/03/2017","",""
"46OREBRO_INST","08/12/2016","22/12/2016","",""
"46OREBRO_INST","20/03/2017","30/03/2017","",""
"39SBART_SBS_LEGANTO",,"30/03/2017","",""
"34UAX_INST","06/11/2016","17/11/2016","",""
"34UAX_INST","13/02/2017","23/02/2017","",""
"63UOAATPA_INST","15/05/2016","31/05/2016","",""
"63UOAATPA_INST","12/12/2016","22/12/2016","",""
"","15/01/2017","31/01/2017","",""
"","16/05/2017","31/05/2017","",""
"61TAFEWA_NETWORK","04/09/2016","29/09/2016","aio06AP","N/A"
"61TAFEWA_CENTAFE","04/09/2016","29/09/2016","aio01AP","N/A"
"61TAFEWA_CENWEST","04/09/2016","29/09/2016","aio02AP","N/A"
"61TAFEWA_CHALLENGER","04/09/2016","29/09/2016","aio03AP","N/A"
"61TAFEWA_CYOCONNOR","04/09/2016","29/09/2016","aio01AP","N/A"
"61TAFEWA_GREAT","04/09/2016","29/09/2016","aio02AP","N/A"
"61TAFEWA_KIMBERLEY","04/09/2016","29/09/2016","aio03AP","N/A"
"61TAFEWA_PILBARA","04/09/2016","29/09/2016","aio01AP","N/A"
"61TAFEWA_SWREGIONAL","04/09/2016","29/09/2016","aio02AP","N/A"
"61TAFEWA_SWANTAFE","04/09/2016","29/09/2016","aio03AP","N/A"
"61TAFEWA_WESTCOAST","04/09/2016","29/09/2016","aio02AP","N/A"
"61TAFEWA_DEPTEDTRNG","04/09/2016","29/09/2016","aio03AP","N/A"
"61TAFEWA_NETWORK","01/02/2017","20/02/2017","","N/A"
"61TAFEWA_CENTAFE","01/02/2017","20/02/2017","","N/A"
"61TAFEWA_CENWEST","01/02/2017","20/02/2017","","N/A"
"61TAFEWA_CHALLENGER","01/02/2017","20/02/2017","","N/A"
"61TAFEWA_CYOCONNOR","01/02/2017","20/02/2017","","N/A"
"61TAFEWA_GREAT","01/02/2017","20/02/2017","","N/A"
"61TAFEWA_KIMBERLEY","01/02/2017","20/02/2017","","N/A"
"61TAFEWA_PILBARA","01/02/2017","20/02/2017","","N/A"
"61TAFEWA_SWREGIONAL","01/02/2017","20/02/2017","","N/A"
"61TAFEWA_SWANTAFE","01/02/2017","20/02/2017","","N/A"
"61TAFEWA_WESTCOAST","01/02/2017","20/02/2017","","N/A"
"61TAFEWA_DEPTEDTRNG","01/02/2017","20/02/2017","","N/A"
"","15/01/2017","31/01/2017","",""
"","15/01/2017","31/01/2017","",""
"","15/01/2017","31/01/2017","",""
"","15/01/2017","31/01/2017","",""
"","15/01/2017","31/01/2017","",""
"","15/01/2017","31/01/2017","",""
"","16/05/2017","31/05/2017","",""
"","16/05/2017","31/05/2017","",""
"","16/05/2017","31/05/2017","",""
"","16/05/2017","31/05/2017","",""
"","16/05/2017","31/05/2017","",""
"","16/05/2017","31/05/2017","",""
"","15/01/2017","31/01/2017","",""
"","15/01/2017","31/01/2017","",""
"","16/05/2017","31/05/2017","",""
"","19/03/2017","04/04/2017","",""
"","03/06/2017","17/06/2017","",""
"","28/08/2017","13/09/2017","",""
"353LIM_INST","25/10/2016","08/11/2016","",""
"353LIM_INST","08/01/2017","19/01/2017","",""
"61WAIKATO_INST","10/08/2016","31/08/2016","",""
"61WAIKATO_INST","05/12/2016","19/12/2016","",""
"47BIBSYS_NTNU","14/06/2016","27/06/2016","",""
"972AACO_INST","30/04/2017","18/05/2017","",""
"972AACO_INST","19/07/2017","30/07/2017","",""
